CUSTOMER_ID,PREDICTED_DATE,PREDICTED_QUANTITY,MAPE,PREDICTION_MODEL,FORECAST_GENERATION_DATETIME
1,2025-06-01,33866691.1624998,22.76,ARIMA,2025-06-05 10:43:45
1,2025-07-01,31944649.82063262,22.76,ARIMA,2025-06-05 10:43:45
1,2025-08-01,27834637.685696587,22.76,ARIMA,2025-06-05 10:43:45
1,2025-09-01,28179038.236333728,22.76,ARIMA,2025-06-05 10:43:45
1,2025-10-01,29410713.05771569,22.76,ARIMA,2025-06-05 10:43:45
1,2025-11-01,30848789.17346859,22.76,ARIMA,2025-06-05 10:43:45
1,2025-12-01,32302865.26556068,22.76,ARIMA,2025-06-05 10:43:45
1,2026-01-01,33763692.497358546,22.76,ARIMA,2025-06-05 10:43:45
1,2026-02-01,35227368.3513269,22.76,ARIMA,2025-06-05 10:43:45
1,2026-03-01,33171067.7249578,22.76,ARIMA,2025-06-05 10:43:45
1,2026-04-01,32377667.23684923,22.76,ARIMA,2025-06-05 10:43:45
1,2026-05-01,32012152.416028038,22.76,ARIMA,2025-06-05 10:43:45
2,2025-06-01,33944651.35336405,327.4,ARIMA,2025-06-05 10:43:45
2,2025-07-01,35502153.32988519,327.4,ARIMA,2025-06-05 10:43:45
2,2025-08-01,36603373.99182322,327.4,ARIMA,2025-06-05 10:43:45
2,2025-09-01,37045624.99797705,327.4,ARIMA,2025-06-05 10:43:45
2,2025-10-01,37060238.84065495,327.4,ARIMA,2025-06-05 10:43:45
2,2025-11-01,36921664.464120045,327.4,ARIMA,2025-06-05 10:43:45
2,2025-12-01,36793854.8673946,327.4,ARIMA,2025-06-05 10:43:45
2,2026-01-01,36728070.52254561,327.4,ARIMA,2025-06-05 10:43:45
2,2026-02-01,36713563.791573614,327.4,ARIMA,2025-06-05 10:43:45
2,2026-03-01,36723247.307648554,327.4,ARIMA,2025-06-05 10:43:45
2,2026-04-01,36736799.02298208,327.4,ARIMA,2025-06-05 10:43:45
2,2026-05-01,36745490.567374215,327.4,ARIMA,2025-06-05 10:43:45
3,2025-06-01,53949259.45923615,58.04,ARIMA,2025-06-05 10:43:45
3,2025-07-01,14314400.66029366,58.04,ARIMA,2025-06-05 10:43:45
3,2025-08-01,5945685.014556259,58.04,ARIMA,2025-06-05 10:43:45
3,2025-09-01,14456935.003217814,58.04,ARIMA,2025-06-05 10:43:45
3,2025-10-01,16860512.374375667,58.04,ARIMA,2025-06-05 10:43:45
3,2025-11-01,23010519.678539306,58.04,ARIMA,2025-06-05 10:43:45
3,2025-12-01,24086289.19360304,58.04,ARIMA,2025-06-05 10:43:45
3,2026-01-01,30289740.79409396,58.04,ARIMA,2025-06-05 10:43:45
3,2026-02-01,30563041.72152462,58.04,ARIMA,2025-06-05 10:43:45
3,2026-03-01,26710316.936449967,58.04,ARIMA,2025-06-05 10:43:45
3,2026-04-01,21199203.420487493,58.04,ARIMA,2025-06-05 10:43:45
3,2026-05-01,8051031.80089627,58.04,ARIMA,2025-06-05 10:43:45
4,2025-06-01,42283878.6710543,6.96,ARIMA,2025-06-05 10:43:45
4,2025-07-01,41005029.204156905,6.96,ARIMA,2025-06-05 10:43:45
4,2025-08-01,40452920.86510094,6.96,ARIMA,2025-06-05 10:43:45
4,2025-09-01,40231344.08682538,6.96,ARIMA,2025-06-05 10:43:45
4,2025-10-01,40147559.47542699,6.96,ARIMA,2025-06-05 10:43:45
4,2025-11-01,40117571.9969378,6.96,ARIMA,2025-06-05 10:43:45
4,2025-12-01,40107431.569263615,6.96,ARIMA,2025-06-05 10:43:45
4,2026-01-01,40104221.43435309,6.96,ARIMA,2025-06-05 10:43:45
4,2026-02-01,40103290.81955084,6.96,ARIMA,2025-06-05 10:43:45
4,2026-03-01,40103056.79991511,6.96,ARIMA,2025-06-05 10:43:45
4,2026-04-01,40103014.26690717,6.96,ARIMA,2025-06-05 10:43:45
4,2026-05-01,40103015.11690219,6.96,ARIMA,2025-06-05 10:43:45
5,2025-06-01,3725002.5523227965,330.91,ARIMA,2025-06-05 10:43:45
5,2025-07-01,13681006.905241337,330.91,ARIMA,2025-06-05 10:43:45
5,2025-08-01,20203093.137762308,330.91,ARIMA,2025-06-05 10:43:45
5,2025-09-01,23610659.880614996,330.91,ARIMA,2025-06-05 10:43:45
5,2025-10-01,25101890.01027102,330.91,ARIMA,2025-06-05 10:43:45
5,2025-11-01,25633329.87360833,330.91,ARIMA,2025-06-05 10:43:45
5,2025-12-01,25762105.497638024,330.91,ARIMA,2025-06-05 10:43:45
5,2026-01-01,25756067.574247435,330.91,ARIMA,2025-06-05 10:43:45
5,2026-02-01,25722699.289154537,330.91,ARIMA,2025-06-05 10:43:45
5,2026-03-01,25695434.80625479,330.91,ARIMA,2025-06-05 10:43:45
5,2026-04-01,25679383.45360625,330.91,ARIMA,2025-06-05 10:43:45
5,2026-05-01,25671601.91447708,330.91,ARIMA,2025-06-05 10:43:45
6,2025-06-01,31513507.485705376,157.94,ARIMA,2025-06-05 10:43:45
6,2025-07-01,31513507.485705376,157.94,ARIMA,2025-06-05 10:43:45
6,2025-08-01,31513507.485705376,157.94,ARIMA,2025-06-05 10:43:45
6,2025-09-01,31513507.485705376,157.94,ARIMA,2025-06-05 10:43:45
6,2025-10-01,31513507.485705376,157.94,ARIMA,2025-06-05 10:43:45
6,2025-11-01,31513507.485705376,157.94,ARIMA,2025-06-05 10:43:45
6,2025-12-01,31513507.485705376,157.94,ARIMA,2025-06-05 10:43:45
6,2026-01-01,31513507.485705376,157.94,ARIMA,2025-06-05 10:43:45
6,2026-02-01,31513507.485705376,157.94,ARIMA,2025-06-05 10:43:45
6,2026-03-01,31513507.485705376,157.94,ARIMA,2025-06-05 10:43:45
6,2026-04-01,31513507.485705376,157.94,ARIMA,2025-06-05 10:43:45
6,2026-05-01,31513507.485705376,157.94,ARIMA,2025-06-05 10:43:45
7,2025-06-01,37038868.88525662,264.85,ARIMA,2025-06-05 10:43:45
7,2025-07-01,38082410.49751326,264.85,ARIMA,2025-06-05 10:43:45
7,2025-08-01,38606443.37690469,264.85,ARIMA,2025-06-05 10:43:45
7,2025-09-01,38899303.09016333,264.85,ARIMA,2025-06-05 10:43:45
7,2025-10-01,39072052.395126626,264.85,ARIMA,2025-06-05 10:43:45
7,2025-11-01,39176447.227315634,264.85,ARIMA,2025-06-05 10:43:45
7,2025-12-01,39240183.90558555,264.85,ARIMA,2025-06-05 10:43:45
7,2026-01-01,39279262.35201922,264.85,ARIMA,2025-06-05 10:43:45
7,2026-02-01,39303263.74872789,264.85,ARIMA,2025-06-05 10:43:45
7,2026-03-01,39318015.43603971,264.85,ARIMA,2025-06-05 10:43:45
7,2026-04-01,39327084.683564916,264.85,ARIMA,2025-06-05 10:43:45
7,2026-05-01,39332661.05040485,264.85,ARIMA,2025-06-05 10:43:45
8,2025-06-01,27033247.026121102,54.39,ARIMA,2025-06-05 10:43:45
8,2025-07-01,27552739.053569503,54.39,ARIMA,2025-06-05 10:43:45
8,2025-08-01,27934769.47408355,54.39,ARIMA,2025-06-05 10:43:45
8,2025-09-01,28215711.691647492,54.39,ARIMA,2025-06-05 10:43:45
8,2025-10-01,28422314.42632904,54.39,ARIMA,2025-06-05 10:43:45
8,2025-11-01,28574248.48005729,54.39,ARIMA,2025-06-05 10:43:45
8,2025-12-01,28685979.608485386,54.39,ARIMA,2025-06-05 10:43:45
8,2026-01-01,28768145.816478126,54.39,ARIMA,2025-06-05 10:43:45
8,2026-02-01,28828570.210564964,54.39,ARIMA,2025-06-05 10:43:45
8,2026-03-01,28873005.842803024,54.39,ARIMA,2025-06-05 10:43:45
8,2026-04-01,28905683.463195182,54.39,ARIMA,2025-06-05 10:43:45
8,2026-05-01,28929714.332583368,54.39,ARIMA,2025-06-05 10:43:45
9,2025-06-01,36248080.76048482,312.76,ARIMA,2025-06-05 10:43:45
9,2025-07-01,37598812.17983225,312.76,ARIMA,2025-06-05 10:43:45
9,2025-08-01,37761025.80130387,312.76,ARIMA,2025-06-05 10:43:45
9,2025-09-01,37621519.08279116,312.76,ARIMA,2025-06-05 10:43:45
9,2025-10-01,37484178.697214,312.76,ARIMA,2025-06-05 10:43:45
9,2025-11-01,37407126.46270022,312.76,ARIMA,2025-06-05 10:43:45
9,2025-12-01,37375379.67050618,312.76,ARIMA,2025-06-05 10:43:45
9,2026-01-01,37366277.37020252,312.76,ARIMA,2025-06-05 10:43:45
9,2026-02-01,37365544.17550095,312.76,ARIMA,2025-06-05 10:43:45
9,2026-03-01,37366757.27670056,312.76,ARIMA,2025-06-05 10:43:45
9,2026-04-01,37367819.88293554,312.76,ARIMA,2025-06-05 10:43:45
9,2026-05-01,37368390.044400916,312.76,ARIMA,2025-06-05 10:43:45
10,2025-06-01,4443704.585440528,373.4,ARIMA,2025-06-05 10:43:45
10,2025-07-01,52350331.27944672,373.4,ARIMA,2025-06-05 10:43:45
10,2025-08-01,21533478.506009262,373.4,ARIMA,2025-06-05 10:43:45
10,2025-09-01,40885157.54372074,373.4,ARIMA,2025-06-05 10:43:45
10,2025-10-01,28558007.335003417,373.4,ARIMA,2025-06-05 10:43:45
10,2025-11-01,36451050.880617514,373.4,ARIMA,2025-06-05 10:43:45
10,2025-12-01,31597088.8201292,373.4,ARIMA,2025-06-05 10:43:45
10,2026-01-01,35091781.34516706,373.4,ARIMA,2025-06-05 10:43:45
10,2026-02-01,32928813.4429691,373.4,ARIMA,2025-06-05 10:43:45
10,2026-03-01,34959112.0614403,373.4,ARIMA,2025-06-05 10:43:45
10,2026-04-01,33484932.441319544,373.4,ARIMA,2025-06-05 10:43:45
10,2026-05-01,34007037.79372086,373.4,ARIMA,2025-06-05 10:43:45
11,2025-06-01,27452997.25610567,27.64,ARIMA,2025-06-05 10:43:45
11,2025-07-01,28980091.74558726,27.64,ARIMA,2025-06-05 10:43:45
11,2025-08-01,29973824.516828872,27.64,ARIMA,2025-06-05 10:43:45
11,2025-09-01,30620480.521052137,27.64,ARIMA,2025-06-05 10:43:45
11,2025-10-01,31041281.76651728,27.64,ARIMA,2025-06-05 10:43:45
11,2025-11-01,31315111.572517015,27.64,ARIMA,2025-06-05 10:43:45
11,2025-12-01,31493302.021005265,27.64,ARIMA,2025-06-05 10:43:45
11,2026-01-01,31609256.65865518,27.64,ARIMA,2025-06-05 10:43:45
11,2026-02-01,31684712.31919475,27.64,ARIMA,2025-06-05 10:43:45
11,2026-03-01,31733813.906012274,27.64,ARIMA,2025-06-05 10:43:45
11,2026-04-01,31765765.992983073,27.64,ARIMA,2025-06-05 10:43:45
11,2026-05-01,31786558.31209047,27.64,ARIMA,2025-06-05 10:43:45
12,2025-06-01,29705787.851802457,7.61,ARIMA,2025-06-05 10:43:45
12,2025-07-01,29193931.486558396,7.61,ARIMA,2025-06-05 10:43:45
12,2025-08-01,28772792.867629737,7.61,ARIMA,2025-06-05 10:43:45
12,2025-09-01,28426293.83314265,7.61,ARIMA,2025-06-05 10:43:45
12,2025-10-01,28141205.799169626,7.61,ARIMA,2025-06-05 10:43:45
12,2025-11-01,27906644.720998336,7.61,ARIMA,2025-06-05 10:43:45
12,2025-12-01,27713655.563838255,7.61,ARIMA,2025-06-05 10:43:45
12,2026-01-01,27554870.418955177,7.61,ARIMA,2025-06-05 10:43:45
12,2026-02-01,27424227.212846838,7.61,ARIMA,2025-06-05 10:43:45
12,2026-03-01,27316738.27038415,7.61,ARIMA,2025-06-05 10:43:45
12,2026-04-01,27228299.89615928,7.61,ARIMA,2025-06-05 10:43:45
12,2026-05-01,27155535.704268064,7.61,ARIMA,2025-06-05 10:43:45
13,2025-06-01,28335784.147135325,33.45,ARIMA,2025-06-05 10:43:45
13,2025-07-01,22006953.198438466,33.45,ARIMA,2025-06-05 10:43:45
13,2025-08-01,39764807.953895964,33.45,ARIMA,2025-06-05 10:43:45
13,2025-09-01,44548815.584513135,33.45,ARIMA,2025-06-05 10:43:45
13,2025-10-01,32191734.778433792,33.45,ARIMA,2025-06-05 10:43:45
13,2025-11-01,27033100.722271882,33.45,ARIMA,2025-06-05 10:43:45
13,2025-12-01,34275996.38109903,33.45,ARIMA,2025-06-05 10:43:45
13,2026-01-01,38085100.18667888,33.45,ARIMA,2025-06-05 10:43:45
13,2026-02-01,33330239.469747566,33.45,ARIMA,2025-06-05 10:43:45
13,2026-03-01,30081389.120472193,33.45,ARIMA,2025-06-05 10:43:45
13,2026-04-01,32781432.648034208,33.45,ARIMA,2025-06-05 10:43:45
13,2026-05-01,35116370.7929266,33.45,ARIMA,2025-06-05 10:43:45
14,2025-06-01,33136399.41226716,90.48,ARIMA,2025-06-05 10:43:45
14,2025-07-01,31685256.184297897,90.48,ARIMA,2025-06-05 10:43:45
14,2025-08-01,30513733.197339993,90.48,ARIMA,2025-06-05 10:43:45
14,2025-09-01,29637641.698863,90.48,ARIMA,2025-06-05 10:43:45
14,2025-10-01,29010206.430169735,90.48,ARIMA,2025-06-05 10:43:45
14,2025-11-01,28572760.52852117,90.48,ARIMA,2025-06-05 10:43:45
14,2025-12-01,28273114.875537258,90.48,ARIMA,2025-06-05 10:43:45
14,2026-01-01,28070320.994,90.48,ARIMA,2025-06-05 10:43:45
14,2026-02-01,27934227.85888576,90.48,ARIMA,2025-06-05 10:43:45
14,2026-03-01,27843444.408362273,90.48,ARIMA,2025-06-05 10:43:45
14,2026-04-01,27783147.614154506,90.48,ARIMA,2025-06-05 10:43:45
14,2026-05-01,27743225.671581645,90.48,ARIMA,2025-06-05 10:43:45
15,2025-06-01,44274952.87636611,78.0,ARIMA,2025-06-05 10:43:45
15,2025-07-01,38331906.09335863,78.0,ARIMA,2025-06-05 10:43:45
15,2025-08-01,34931616.98993427,78.0,ARIMA,2025-06-05 10:43:45
15,2025-09-01,33222254.3680085,78.0,ARIMA,2025-06-05 10:43:45
15,2025-10-01,31988225.493113764,78.0,ARIMA,2025-06-05 10:43:45
15,2025-11-01,31230771.48871363,78.0,ARIMA,2025-06-05 10:43:45
15,2025-12-01,30951144.679406174,78.0,ARIMA,2025-06-05 10:43:45
15,2026-01-01,30802502.418959416,78.0,ARIMA,2025-06-05 10:43:45
15,2026-02-01,39048671.18777657,78.0,ARIMA,2025-06-05 10:43:45
15,2026-03-01,46927245.88127799,78.0,ARIMA,2025-06-05 10:43:45
15,2026-04-01,41218165.144996926,78.0,ARIMA,2025-06-05 10:43:45
15,2026-05-01,37830674.23448425,78.0,ARIMA,2025-06-05 10:43:45
16,2025-06-01,37747445.38508024,35.73,ARIMA,2025-06-05 10:43:45
16,2025-07-01,35804832.70556977,35.73,ARIMA,2025-06-05 10:43:45
16,2025-08-01,34410122.94329788,35.73,ARIMA,2025-06-05 10:43:45
16,2025-09-01,33408783.179847613,35.73,ARIMA,2025-06-05 10:43:45
16,2025-10-01,32689865.632276043,35.73,ARIMA,2025-06-05 10:43:45
16,2025-11-01,32173714.712207254,35.73,ARIMA,2025-06-05 10:43:45
16,2025-12-01,31803141.239369135,35.73,ARIMA,2025-06-05 10:43:45
16,2026-01-01,31537085.918276224,35.73,ARIMA,2025-06-05 10:43:45
16,2026-02-01,31346069.995469537,35.73,ARIMA,2025-06-05 10:43:45
16,2026-03-01,31208929.03314709,35.73,ARIMA,2025-06-05 10:43:45
16,2026-04-01,31110467.903465446,35.73,ARIMA,2025-06-05 10:43:45
16,2026-05-01,31039777.178433266,35.73,ARIMA,2025-06-05 10:43:45
17,2025-06-01,24248295.603691407,69.47,ARIMA,2025-06-05 10:43:45
17,2025-07-01,26586171.044769943,69.47,ARIMA,2025-06-05 10:43:45
17,2025-08-01,27570917.68352793,69.47,ARIMA,2025-06-05 10:43:45
17,2025-09-01,27903622.7204537,69.47,ARIMA,2025-06-05 10:43:45
17,2025-10-01,27979262.15822383,69.47,ARIMA,2025-06-05 10:43:45
17,2025-11-01,27975925.992020085,69.47,ARIMA,2025-06-05 10:43:45
17,2025-12-01,27959033.3445768,69.47,ARIMA,2025-06-05 10:43:45
17,2026-01-01,27946388.793974802,69.47,ARIMA,2025-06-05 10:43:45
17,2026-02-01,27939640.080923714,69.47,ARIMA,2025-06-05 10:43:45
17,2026-03-01,27936722.728845663,69.47,ARIMA,2025-06-05 10:43:45
17,2026-04-01,27935703.61761822,69.47,ARIMA,2025-06-05 10:43:45
17,2026-05-01,27935453.241115406,69.47,ARIMA,2025-06-05 10:43:45
18,2025-06-01,24378909.255268022,1161.96,Prophet,2025-06-05 10:43:45
18,2025-07-01,52331073.12519558,1161.96,Prophet,2025-06-05 10:43:45
18,2025-08-01,29379161.80492565,1161.96,Prophet,2025-06-05 10:43:45
18,2025-09-01,55693294.71638372,1161.96,Prophet,2025-06-05 10:43:45
18,2025-10-01,60498053.159099296,1161.96,Prophet,2025-06-05 10:43:45
18,2025-11-01,3031658.6150912717,1161.96,Prophet,2025-06-05 10:43:45
18,2025-12-01,48890122.700516894,1161.96,Prophet,2025-06-05 10:43:45
18,2026-01-01,24241657.223802164,1161.96,Prophet,2025-06-05 10:43:45
18,2026-02-01,33023198.704239897,1161.96,Prophet,2025-06-05 10:43:45
18,2026-03-01,19074198.433775425,1161.96,Prophet,2025-06-05 10:43:45
18,2026-04-01,22517336.249621503,1161.96,Prophet,2025-06-05 10:43:45
18,2026-05-01,11797675.550833065,1161.96,Prophet,2025-06-05 10:43:45
19,2025-06-01,20942734.234125443,39.57,ARIMA,2025-06-05 10:43:45
19,2025-07-01,22708700.211231776,39.57,ARIMA,2025-06-05 10:43:45
19,2025-08-01,22871647.5333757,39.57,ARIMA,2025-06-05 10:43:45
19,2025-09-01,23340929.48744265,39.57,ARIMA,2025-06-05 10:43:45
19,2025-10-01,23556404.745780535,39.57,ARIMA,2025-06-05 10:43:45
19,2025-11-01,23746369.761664227,39.57,ARIMA,2025-06-05 10:43:45
19,2025-12-01,23868096.370004293,39.57,ARIMA,2025-06-05 10:43:45
19,2026-01-01,23958071.593731396,39.57,ARIMA,2025-06-05 10:43:45
19,2026-02-01,24020265.114325173,39.57,ARIMA,2025-06-05 10:43:45
19,2026-03-01,24064601.425201975,39.57,ARIMA,2025-06-05 10:43:45
19,2026-04-01,24095758.28611899,39.57,ARIMA,2025-06-05 10:43:45
19,2026-05-01,24117798.925451957,39.57,ARIMA,2025-06-05 10:43:45
20,2025-06-01,36354256.95867846,97.41,ARIMA,2025-06-05 10:43:45
20,2025-07-01,42125901.48382712,97.41,ARIMA,2025-06-05 10:43:45
20,2025-08-01,45220009.60733017,97.41,ARIMA,2025-06-05 10:43:45
20,2025-09-01,39188898.97232411,97.41,ARIMA,2025-06-05 10:43:45
20,2025-10-01,32503341.905576475,97.41,ARIMA,2025-06-05 10:43:45
20,2025-11-01,45500667.6022813,97.41,ARIMA,2025-06-05 10:43:45
20,2025-12-01,43155668.6589806,97.41,ARIMA,2025-06-05 10:43:45
20,2026-01-01,44835306.36027634,97.41,ARIMA,2025-06-05 10:43:45
20,2026-02-01,46499659.37127666,97.41,ARIMA,2025-06-05 10:43:45
20,2026-03-01,38728280.868083194,97.41,ARIMA,2025-06-05 10:43:45
20,2026-04-01,30769682.14587879,97.41,ARIMA,2025-06-05 10:43:45
20,2026-05-01,44754605.48054561,97.41,ARIMA,2025-06-05 10:43:45
21,2025-06-01,20491741.300594676,83.62,ARIMA,2025-06-05 10:43:45
21,2025-07-01,20469073.20064335,83.62,ARIMA,2025-06-05 10:43:45
21,2025-08-01,20465287.877094537,83.62,ARIMA,2025-06-05 10:43:45
21,2025-09-01,20472257.67149375,83.62,ARIMA,2025-06-05 10:43:45
21,2025-10-01,20483924.68520953,83.62,ARIMA,2025-06-05 10:43:45
21,2025-11-01,20496293.282557506,83.62,ARIMA,2025-06-05 10:43:45
21,2025-12-01,20507103.21812999,83.62,ARIMA,2025-06-05 10:43:45
21,2026-01-01,20515382.049342256,83.62,ARIMA,2025-06-05 10:43:45
21,2026-02-01,20521002.649140995,83.62,ARIMA,2025-06-05 10:43:45
21,2026-03-01,20524312.73295496,83.62,ARIMA,2025-06-05 10:43:45
21,2026-04-01,20525861.138948653,83.62,ARIMA,2025-06-05 10:43:45
21,2026-05-01,20526219.02963093,83.62,ARIMA,2025-06-05 10:43:45
22,2025-06-01,66900000.0,50.23,ARIMA,2025-06-05 10:43:45
22,2025-07-01,66900000.0,50.23,ARIMA,2025-06-05 10:43:45
22,2025-08-01,66900000.0,50.23,ARIMA,2025-06-05 10:43:45
22,2025-09-01,66900000.0,50.23,ARIMA,2025-06-05 10:43:45
22,2025-10-01,66900000.0,50.23,ARIMA,2025-06-05 10:43:45
22,2025-11-01,66900000.0,50.23,ARIMA,2025-06-05 10:43:45
22,2025-12-01,66900000.0,50.23,ARIMA,2025-06-05 10:43:45
22,2026-01-01,66900000.0,50.23,ARIMA,2025-06-05 10:43:45
22,2026-02-01,66900000.0,50.23,ARIMA,2025-06-05 10:43:45
22,2026-03-01,66900000.0,50.23,ARIMA,2025-06-05 10:43:45
22,2026-04-01,66900000.0,50.23,ARIMA,2025-06-05 10:43:45
22,2026-05-01,66900000.0,50.23,ARIMA,2025-06-05 10:43:45
23,2025-06-01,25413004.34867003,121.3,ARIMA,2025-06-05 10:43:45
23,2025-07-01,28878290.636565186,121.3,ARIMA,2025-06-05 10:43:45
23,2025-08-01,31177642.861128636,121.3,ARIMA,2025-06-05 10:43:45
23,2025-09-01,32703352.4889517,121.3,ARIMA,2025-06-05 10:43:45
23,2025-10-01,33715720.16518884,121.3,ARIMA,2025-06-05 10:43:45
23,2025-11-01,34387465.49156011,121.3,ARIMA,2025-06-05 10:43:45
23,2025-12-01,34833194.64124894,121.3,ARIMA,2025-06-05 10:43:45
23,2026-01-01,35128953.2674467,121.3,ARIMA,2025-06-05 10:43:45
23,2026-02-01,35325200.61862723,121.3,ARIMA,2025-06-05 10:43:45
23,2026-03-01,35455418.36862321,121.3,ARIMA,2025-06-05 10:43:45
23,2026-04-01,35541822.91019798,121.3,ARIMA,2025-06-05 10:43:45
23,2026-05-01,35599155.683993995,121.3,ARIMA,2025-06-05 10:43:45
24,2025-06-01,30468369.849262815,44.34,ARIMA,2025-06-05 10:43:45
24,2025-07-01,32284011.787280086,44.34,ARIMA,2025-06-05 10:43:45
24,2025-08-01,33563617.51505596,44.34,ARIMA,2025-06-05 10:43:45
24,2025-09-01,34465442.25498509,44.34,ARIMA,2025-06-05 10:43:45
24,2025-10-01,35101019.17051034,44.34,ARIMA,2025-06-05 10:43:45
24,2025-11-01,35548953.22871807,44.34,ARIMA,2025-06-05 10:43:45
24,2025-12-01,35864642.66866042,44.34,ARIMA,2025-06-05 10:43:45
24,2026-01-01,36087130.37787786,44.34,ARIMA,2025-06-05 10:43:45
24,2026-02-01,36243932.521028,44.34,ARIMA,2025-06-05 10:43:45
24,2026-03-01,36354441.60120575,44.34,ARIMA,2025-06-05 10:43:45
24,2026-04-01,36432324.827521354,44.34,ARIMA,2025-06-05 10:43:45
24,2026-05-01,36487214.40701628,44.34,ARIMA,2025-06-05 10:43:45
25,2025-06-01,37272290.40248585,43.15,ARIMA,2025-06-05 10:43:45
25,2025-07-01,37232469.48325057,43.15,ARIMA,2025-06-05 10:43:45
25,2025-08-01,37208177.98232818,43.15,ARIMA,2025-06-05 10:43:45
25,2025-09-01,37193359.715236545,43.15,ARIMA,2025-06-05 10:43:45
25,2025-10-01,37184320.296869576,43.15,ARIMA,2025-06-05 10:43:45
25,2025-11-01,37178806.08364156,43.15,ARIMA,2025-06-05 10:43:45
25,2025-12-01,37175442.3110746,43.15,ARIMA,2025-06-05 10:43:45
25,2026-01-01,37173390.347283155,43.15,ARIMA,2025-06-05 10:43:45
25,2026-02-01,37172138.611228585,43.15,ARIMA,2025-06-05 10:43:45
25,2026-03-01,37171375.02896811,43.15,ARIMA,2025-06-05 10:43:45
25,2026-04-01,37170909.229595795,43.15,ARIMA,2025-06-05 10:43:45
25,2026-05-01,37170625.08332043,43.15,ARIMA,2025-06-05 10:43:45
26,2025-06-01,27418018.324116062,10.07,ARIMA,2025-06-05 10:43:45
26,2025-07-01,26706617.304164972,10.07,ARIMA,2025-06-05 10:43:45
26,2025-08-01,26257387.83729194,10.07,ARIMA,2025-06-05 10:43:45
26,2025-09-01,26001436.548295222,10.07,ARIMA,2025-06-05 10:43:45
26,2025-10-01,25866681.075521417,10.07,ARIMA,2025-06-05 10:43:45
26,2025-11-01,25800636.60982576,10.07,ARIMA,2025-06-05 10:43:45
26,2025-12-01,25770616.72200249,10.07,ARIMA,2025-06-05 10:43:45
26,2026-01-01,25758180.355271403,10.07,ARIMA,2025-06-05 10:43:45
26,2026-02-01,25753699.180932026,10.07,ARIMA,2025-06-05 10:43:45
26,2026-03-01,25752492.950876012,10.07,ARIMA,2025-06-05 10:43:45
26,2026-04-01,25752454.196057215,10.07,ARIMA,2025-06-05 10:43:45
26,2026-05-01,25752720.892854314,10.07,ARIMA,2025-06-05 10:43:45
27,2025-06-01,57565300.57893074,9.69,ARIMA,2025-06-05 10:43:45
27,2025-07-01,52419279.583363116,9.69,ARIMA,2025-06-05 10:43:45
27,2025-08-01,52492027.32417585,9.69,ARIMA,2025-06-05 10:43:45
27,2025-09-01,53826378.45115188,9.69,ARIMA,2025-06-05 10:43:45
27,2025-10-01,54728506.42521184,9.69,ARIMA,2025-06-05 10:43:45
27,2025-11-01,55017706.236428775,9.69,ARIMA,2025-06-05 10:43:45
27,2025-12-01,54992038.98969347,9.69,ARIMA,2025-06-05 10:43:45
27,2026-01-01,54902167.503671914,9.69,ARIMA,2025-06-05 10:43:45
27,2026-02-01,54846589.688553266,9.69,ARIMA,2025-06-05 10:43:45
27,2026-03-01,54830685.73040998,9.69,ARIMA,2025-06-05 10:43:45
27,2026-04-01,54833586.32859183,9.69,ARIMA,2025-06-05 10:43:45
27,2026-05-01,54839555.62516207,9.69,ARIMA,2025-06-05 10:43:45
28,2025-06-01,82560986.25855324,69.13,ARIMA,2025-06-05 10:43:45
28,2025-07-01,65515117.68999406,69.13,ARIMA,2025-06-05 10:43:45
28,2025-08-01,53747085.172012776,69.13,ARIMA,2025-06-05 10:43:45
28,2025-09-01,46213929.731191084,69.13,ARIMA,2025-06-05 10:43:45
28,2025-10-01,41566634.50011692,69.13,ARIMA,2025-06-05 10:43:45
28,2025-11-01,38755501.94594486,69.13,ARIMA,2025-06-05 10:43:45
28,2025-12-01,37073551.00341269,69.13,ARIMA,2025-06-05 10:43:45
28,2026-01-01,36073455.90696712,69.13,ARIMA,2025-06-05 10:43:45
28,2026-02-01,35480928.092775926,69.13,ARIMA,2025-06-05 10:43:45
28,2026-03-01,35130605.15367739,69.13,ARIMA,2025-06-05 10:43:45
28,2026-04-01,34923734.84523551,69.13,ARIMA,2025-06-05 10:43:45
28,2026-05-01,34801662.53874057,69.13,ARIMA,2025-06-05 10:43:45
29,2025-06-01,29632616.528781585,107.97,ARIMA,2025-06-05 10:43:45
29,2025-07-01,30811386.02331854,107.97,ARIMA,2025-06-05 10:43:45
29,2025-08-01,31535160.220132004,107.97,ARIMA,2025-06-05 10:43:45
29,2025-09-01,31953279.734596085,107.97,ARIMA,2025-06-05 10:43:45
29,2025-10-01,32201164.279712137,107.97,ARIMA,2025-06-05 10:43:45
29,2025-11-01,32346498.77992341,107.97,ARIMA,2025-06-05 10:43:45
29,2025-12-01,32432114.27954092,107.97,ARIMA,2025-06-05 10:43:45
29,2026-01-01,32482447.1920702,107.97,ARIMA,2025-06-05 10:43:45
29,2026-02-01,32512063.43603048,107.97,ARIMA,2025-06-05 10:43:45
29,2026-03-01,32529483.34958176,107.97,ARIMA,2025-06-05 10:43:45
29,2026-04-01,32539731.165121716,107.97,ARIMA,2025-06-05 10:43:45
29,2026-05-01,32545759.35535887,107.97,ARIMA,2025-06-05 10:43:45
30,2025-06-01,22189684.78954471,114.95,ARIMA,2025-06-05 10:43:45
30,2025-07-01,26044922.73600121,114.95,ARIMA,2025-06-05 10:43:45
30,2025-08-01,28131099.651127957,114.95,ARIMA,2025-06-05 10:43:45
30,2025-09-01,29185234.28461093,114.95,ARIMA,2025-06-05 10:43:45
30,2025-10-01,29699440.35791293,114.95,ARIMA,2025-06-05 10:43:45
30,2025-11-01,29945396.924479965,114.95,ARIMA,2025-06-05 10:43:45
30,2025-12-01,30061709.98947185,114.95,ARIMA,2025-06-05 10:43:45
30,2026-01-01,30116342.31497655,114.95,ARIMA,2025-06-05 10:43:45
30,2026-02-01,30141898.07474932,114.95,ARIMA,2025-06-05 10:43:45
30,2026-03-01,30153822.610958446,114.95,ARIMA,2025-06-05 10:43:45
30,2026-04-01,30159378.177504696,114.95,ARIMA,2025-06-05 10:43:45
30,2026-05-01,30161964.042205006,114.95,ARIMA,2025-06-05 10:43:45
31,2025-06-01,25731793.01851425,58.2,ARIMA,2025-06-05 10:43:45
31,2025-07-01,25731793.01851425,58.2,ARIMA,2025-06-05 10:43:45
31,2025-08-01,25731793.01851425,58.2,ARIMA,2025-06-05 10:43:45
31,2025-09-01,25731793.01851425,58.2,ARIMA,2025-06-05 10:43:45
31,2025-10-01,25731793.01851425,58.2,ARIMA,2025-06-05 10:43:45
31,2025-11-01,25731793.01851425,58.2,ARIMA,2025-06-05 10:43:45
31,2025-12-01,25731793.01851425,58.2,ARIMA,2025-06-05 10:43:45
31,2026-01-01,25731793.01851425,58.2,ARIMA,2025-06-05 10:43:45
31,2026-02-01,25731793.01851425,58.2,ARIMA,2025-06-05 10:43:45
31,2026-03-01,25731793.01851425,58.2,ARIMA,2025-06-05 10:43:45
31,2026-04-01,25731793.01851425,58.2,ARIMA,2025-06-05 10:43:45
31,2026-05-01,25731793.01851425,58.2,ARIMA,2025-06-05 10:43:45
32,2025-06-01,29841985.674763083,17.78,ARIMA,2025-06-05 10:43:45
32,2025-07-01,30114864.54482556,17.78,ARIMA,2025-06-05 10:43:45
32,2025-08-01,30240872.311427407,17.78,ARIMA,2025-06-05 10:43:45
32,2025-09-01,30299059.144436322,17.78,ARIMA,2025-06-05 10:43:45
32,2025-10-01,30325928.18296396,17.78,ARIMA,2025-06-05 10:43:45
32,2025-11-01,30338335.54720888,17.78,ARIMA,2025-06-05 10:43:45
32,2025-12-01,30344064.918110922,17.78,ARIMA,2025-06-05 10:43:45
32,2026-01-01,30346710.580016643,17.78,ARIMA,2025-06-05 10:43:45
32,2026-02-01,30347932.272073075,17.78,ARIMA,2025-06-05 10:43:45
32,2026-03-01,30348496.415011186,17.78,ARIMA,2025-06-05 10:43:45
32,2026-04-01,30348756.92031033,17.78,ARIMA,2025-06-05 10:43:45
32,2026-05-01,30348877.214310832,17.78,ARIMA,2025-06-05 10:43:45
33,2025-06-01,31423974.914618105,21.43,ARIMA,2025-06-05 10:43:45
33,2025-07-01,30128871.326410413,21.43,ARIMA,2025-06-05 10:43:45
33,2025-08-01,29225169.475934982,21.43,ARIMA,2025-06-05 10:43:45
33,2025-09-01,28594581.280528218,21.43,ARIMA,2025-06-05 10:43:45
33,2025-10-01,28154567.27372147,21.43,ARIMA,2025-06-05 10:43:45
33,2025-11-01,27847532.7818036,21.43,ARIMA,2025-06-05 10:43:45
33,2025-12-01,27633289.194624633,21.43,ARIMA,2025-06-05 10:43:45
33,2026-01-01,27483793.565125167,21.43,ARIMA,2025-06-05 10:43:45
33,2026-02-01,27379477.98894518,21.43,ARIMA,2025-06-05 10:43:45
33,2026-03-01,27306688.306262165,21.43,ARIMA,2025-06-05 10:43:45
33,2026-04-01,27255896.87032213,21.43,ARIMA,2025-06-05 10:43:45
33,2026-05-01,27220455.446898364,21.43,ARIMA,2025-06-05 10:43:45
34,2025-06-01,30719792.13458672,541.73,Prophet,2025-06-05 10:43:45
34,2025-07-01,19119626.546483982,541.73,Prophet,2025-06-05 10:43:45
34,2025-08-01,50280606.6695219,541.73,Prophet,2025-06-05 10:43:45
34,2025-09-01,82918337.03017277,541.73,Prophet,2025-06-05 10:43:45
34,2025-10-01,38303291.04893173,541.73,Prophet,2025-06-05 10:43:45
34,2025-11-01,29138322.263367977,541.73,Prophet,2025-06-05 10:43:45
34,2025-12-01,14532884.529400598,541.73,Prophet,2025-06-05 10:43:45
34,2026-01-01,84866041.12488085,541.73,Prophet,2025-06-05 10:43:45
34,2026-02-01,19075280.21564255,541.73,Prophet,2025-06-05 10:43:45
34,2026-03-01,29552421.73050561,541.73,Prophet,2025-06-05 10:43:45
34,2026-04-01,3511646.9632410184,541.73,Prophet,2025-06-05 10:43:45
34,2026-05-01,64070815.114699766,541.73,Prophet,2025-06-05 10:43:45
35,2025-06-01,44410771.81149343,43.67,ARIMA,2025-06-05 10:43:45
35,2025-07-01,39918018.18217181,43.67,ARIMA,2025-06-05 10:43:45
35,2025-08-01,37409203.65883237,43.67,ARIMA,2025-06-05 10:43:45
35,2025-09-01,36098737.12357119,43.67,ARIMA,2025-06-05 10:43:45
35,2025-10-01,35457484.2884748,43.67,ARIMA,2025-06-05 10:43:45
35,2025-11-01,35165810.92923248,43.67,ARIMA,2025-06-05 10:43:45
35,2025-12-01,35045207.653788134,43.67,ARIMA,2025-06-05 10:43:45
35,2026-01-01,35002420.79941567,43.67,ARIMA,2025-06-05 10:43:45
35,2026-02-01,34991813.18455146,43.67,ARIMA,2025-06-05 10:43:45
35,2026-03-01,34992623.931336135,43.67,ARIMA,2025-06-05 10:43:45
35,2026-04-01,34996267.009712964,43.67,ARIMA,2025-06-05 10:43:45
35,2026-05-01,34999695.24652615,43.67,ARIMA,2025-06-05 10:43:45
36,2025-06-01,26291342.405981284,3.33,ARIMA,2025-06-05 10:43:45
36,2025-07-01,26293434.661135927,3.33,ARIMA,2025-06-05 10:43:45
36,2025-08-01,26294779.392294545,3.33,ARIMA,2025-06-05 10:43:45
36,2025-09-01,26295644.188399535,3.33,ARIMA,2025-06-05 10:43:45
36,2025-10-01,26296200.489579555,3.33,ARIMA,2025-06-05 10:43:45
36,2025-11-01,26296558.388418984,3.33,ARIMA,2025-06-05 10:43:45
36,2025-12-01,26296788.65735385,3.33,ARIMA,2025-06-05 10:43:45
36,2026-01-01,26296936.81420805,3.33,ARIMA,2025-06-05 10:43:45
36,2026-02-01,26297032.140639056,3.33,ARIMA,2025-06-05 10:43:45
36,2026-03-01,26297093.47548725,3.33,ARIMA,2025-06-05 10:43:45
36,2026-04-01,26297132.939600047,3.33,ARIMA,2025-06-05 10:43:45
36,2026-05-01,26297158.331657425,3.33,ARIMA,2025-06-05 10:43:45
37,2025-06-01,90036573.34275985,91.49,ARIMA,2025-06-05 10:43:45
37,2025-07-01,68029248.22482178,91.49,ARIMA,2025-06-05 10:43:45
37,2025-08-01,59116516.83479585,91.49,ARIMA,2025-06-05 10:43:45
37,2025-09-01,57846335.66054134,91.49,ARIMA,2025-06-05 10:43:45
37,2025-10-01,59643505.4652735,91.49,ARIMA,2025-06-05 10:43:45
37,2025-11-01,61854305.13363137,91.49,ARIMA,2025-06-05 10:43:45
37,2025-12-01,63423373.32028589,91.49,ARIMA,2025-06-05 10:43:45
37,2026-01-01,64216684.26822857,91.49,ARIMA,2025-06-05 10:43:45
37,2026-02-01,64463224.291200854,91.49,ARIMA,2025-06-05 10:43:45
37,2026-03-01,64435157.03279791,91.49,ARIMA,2025-06-05 10:43:45
37,2026-04-01,64322993.14180033,91.49,ARIMA,2025-06-05 10:43:45
37,2026-05-01,64221774.078590274,91.49,ARIMA,2025-06-05 10:43:45
38,2025-06-01,0.0,962.66,ARIMA,2025-06-05 10:43:45
38,2025-07-01,0.0,962.66,ARIMA,2025-06-05 10:43:45
38,2025-08-01,5385375.94799661,962.66,ARIMA,2025-06-05 10:43:45
38,2025-09-01,15648578.098979024,962.66,ARIMA,2025-06-05 10:43:45
38,2025-10-01,24911897.572074406,962.66,ARIMA,2025-06-05 10:43:45
38,2025-11-01,31560717.724931393,962.66,ARIMA,2025-06-05 10:43:45
38,2025-12-01,35737422.74304437,962.66,ARIMA,2025-06-05 10:43:45
38,2026-01-01,37839740.22177996,962.66,ARIMA,2025-06-05 10:43:45
38,2026-02-01,38535803.26334262,962.66,ARIMA,2025-06-05 10:43:45
38,2026-03-01,38403676.27422726,962.66,ARIMA,2025-06-05 10:43:45
38,2026-04-01,37898264.811718225,962.66,ARIMA,2025-06-05 10:43:45
38,2026-05-01,37310589.68945211,962.66,ARIMA,2025-06-05 10:43:45
39,2025-06-01,4000000.0,219.82,ARIMA,2025-06-05 10:43:45
39,2025-07-01,4000000.0,219.82,ARIMA,2025-06-05 10:43:45
39,2025-08-01,4000000.0,219.82,ARIMA,2025-06-05 10:43:45
39,2025-09-01,4000000.0,219.82,ARIMA,2025-06-05 10:43:45
39,2025-10-01,4000000.0,219.82,ARIMA,2025-06-05 10:43:45
39,2025-11-01,4000000.0,219.82,ARIMA,2025-06-05 10:43:45
39,2025-12-01,4000000.0,219.82,ARIMA,2025-06-05 10:43:45
39,2026-01-01,4000000.0,219.82,ARIMA,2025-06-05 10:43:45
39,2026-02-01,4000000.0,219.82,ARIMA,2025-06-05 10:43:45
39,2026-03-01,4000000.0,219.82,ARIMA,2025-06-05 10:43:45
39,2026-04-01,4000000.0,219.82,ARIMA,2025-06-05 10:43:45
39,2026-05-01,4000000.0,219.82,ARIMA,2025-06-05 10:43:45
40,2025-06-01,14136034.71251558,1370.31,ARIMA,2025-06-05 10:43:45
40,2025-07-01,15442775.91646287,1370.31,ARIMA,2025-06-05 10:43:45
40,2025-08-01,16181436.788258094,1370.31,ARIMA,2025-06-05 10:43:45
40,2025-09-01,16598979.20742504,1370.31,ARIMA,2025-06-05 10:43:45
40,2025-10-01,16835003.177911077,1370.31,ARIMA,2025-06-05 10:43:45
40,2025-11-01,16968420.316114992,1370.31,ARIMA,2025-06-05 10:43:45
40,2025-12-01,17043836.94744217,1370.31,ARIMA,2025-06-05 10:43:45
40,2026-01-01,17086467.664584722,1370.31,ARIMA,2025-06-05 10:43:45
40,2026-02-01,17110565.506295577,1370.31,ARIMA,2025-06-05 10:43:45
40,2026-03-01,17124187.279843967,1370.31,ARIMA,2025-06-05 10:43:45
40,2026-04-01,17131887.252182987,1370.31,ARIMA,2025-06-05 10:43:45
40,2026-05-01,17136239.811254025,1370.31,ARIMA,2025-06-05 10:43:45
41,2025-06-01,43609601.91344129,122.15,ARIMA,2025-06-05 10:43:45
41,2025-07-01,35802917.255695164,122.15,ARIMA,2025-06-05 10:43:45
41,2025-08-01,31164981.25527607,122.15,ARIMA,2025-06-05 10:43:45
41,2025-09-01,28409592.5996526,122.15,ARIMA,2025-06-05 10:43:45
41,2025-10-01,26772621.618842933,122.15,ARIMA,2025-06-05 10:43:45
41,2025-11-01,25800100.378855966,122.15,ARIMA,2025-06-05 10:43:45
41,2025-12-01,25222327.423004307,122.15,ARIMA,2025-06-05 10:43:45
41,2026-01-01,24879073.646338165,122.15,ARIMA,2025-06-05 10:43:45
41,2026-02-01,24675147.252756983,122.15,ARIMA,2025-06-05 10:43:45
41,2026-03-01,24553994.983427476,122.15,ARIMA,2025-06-05 10:43:45
41,2026-04-01,24482018.6585098,122.15,ARIMA,2025-06-05 10:43:45
41,2026-05-01,24439257.66544441,122.15,ARIMA,2025-06-05 10:43:45
42,2025-06-01,45738818.82005588,215.31,ARIMA,2025-06-05 10:43:45
42,2025-07-01,42917721.235917106,215.31,ARIMA,2025-06-05 10:43:45
42,2025-08-01,40608125.75111856,215.31,ARIMA,2025-06-05 10:43:45
42,2025-09-01,39211319.328934476,215.31,ARIMA,2025-06-05 10:43:45
42,2025-10-01,38517081.59394944,215.31,ARIMA,2025-06-05 10:43:45
42,2025-11-01,38234120.26964633,215.31,ARIMA,2025-06-05 10:43:45
42,2025-12-01,38149950.504171595,215.31,ARIMA,2025-06-05 10:43:45
42,2026-01-01,38143984.596245006,215.31,ARIMA,2025-06-05 10:43:45
42,2026-02-01,38159554.894525684,215.31,ARIMA,2025-06-05 10:43:45
42,2026-03-01,38175203.960221484,215.31,ARIMA,2025-06-05 10:43:45
42,2026-04-01,38185552.45106996,215.31,ARIMA,2025-06-05 10:43:45
42,2026-05-01,38191060.52875285,215.31,ARIMA,2025-06-05 10:43:45
43,2025-06-01,22020541.591105156,31.65,ARIMA,2025-06-05 10:43:45
43,2025-07-01,25109543.68459566,31.65,ARIMA,2025-06-05 10:43:45
43,2025-08-01,26615642.9185754,31.65,ARIMA,2025-06-05 10:43:45
43,2025-09-01,27091907.81034605,31.65,ARIMA,2025-06-05 10:43:45
43,2025-10-01,27139331.51115629,31.65,ARIMA,2025-06-05 10:43:45
43,2025-11-01,27080442.753821433,31.65,ARIMA,2025-06-05 10:43:45
43,2025-12-01,27029029.557501458,31.65,ARIMA,2025-06-05 10:43:45
43,2026-01-01,27003694.773560554,31.65,ARIMA,2025-06-05 10:43:45
43,2026-02-01,26995576.409820743,31.65,ARIMA,2025-06-05 10:43:45
43,2026-03-01,26994702.131149687,31.65,ARIMA,2025-06-05 10:43:45
43,2026-04-01,26995658.75522372,31.65,ARIMA,2025-06-05 10:43:45
43,2026-05-01,26996514.19693145,31.65,ARIMA,2025-06-05 10:43:45
44,2025-06-01,13119958.76534936,287.13,ARIMA,2025-06-05 10:43:45
44,2025-07-01,17685866.74852062,287.13,ARIMA,2025-06-05 10:43:45
44,2025-08-01,21157351.1701538,287.13,ARIMA,2025-06-05 10:43:45
44,2025-09-01,23796739.465769794,287.13,ARIMA,2025-06-05 10:43:45
44,2025-10-01,25803480.59691891,287.13,ARIMA,2025-06-05 10:43:45
44,2025-11-01,27329216.682865214,287.13,ARIMA,2025-06-05 10:43:45
44,2025-12-01,28489242.043299094,287.13,ARIMA,2025-06-05 10:43:45
44,2026-01-01,29371215.57020505,287.13,ARIMA,2025-06-05 10:43:45
44,2026-02-01,30041784.791098624,287.13,ARIMA,2025-06-05 10:43:45
44,2026-03-01,30551622.17996819,287.13,ARIMA,2025-06-05 10:43:45
44,2026-04-01,30939254.291598603,287.13,ARIMA,2025-06-05 10:43:45
44,2026-05-01,31233973.073012836,287.13,ARIMA,2025-06-05 10:43:45
45,2025-06-01,23006862.037330832,20.22,ARIMA,2025-06-05 10:43:45
45,2025-07-01,22681503.046588343,20.22,ARIMA,2025-06-05 10:43:45
45,2025-08-01,22384320.16243027,20.22,ARIMA,2025-06-05 10:43:45
45,2025-09-01,22112873.332468815,20.22,ARIMA,2025-06-05 10:43:45
45,2025-10-01,21864933.81298783,20.22,ARIMA,2025-06-05 10:43:45
45,2025-11-01,21638465.869600207,20.22,ARIMA,2025-06-05 10:43:45
45,2025-12-01,21431610.062629294,20.22,ARIMA,2025-06-05 10:43:45
45,2026-01-01,21242667.979977228,20.22,ARIMA,2025-06-05 10:43:45
45,2026-02-01,21070088.29212771,20.22,ARIMA,2025-06-05 10:43:45
45,2026-03-01,20912454.01478631,20.22,ARIMA,2025-06-05 10:43:45
45,2026-04-01,20768470.874576833,20.22,ARIMA,2025-06-05 10:43:45
45,2026-05-01,20636956.682269007,20.22,ARIMA,2025-06-05 10:43:45
46,2025-06-01,24964626.173818864,35.12,ARIMA,2025-06-05 10:43:45
46,2025-07-01,25249259.4565684,35.12,ARIMA,2025-06-05 10:43:45
46,2025-08-01,28206809.02756065,35.12,ARIMA,2025-06-05 10:43:45
46,2025-09-01,27974114.23197974,35.12,ARIMA,2025-06-05 10:43:45
46,2025-10-01,26827062.220916133,35.12,ARIMA,2025-06-05 10:43:45
46,2025-11-01,25673181.151024565,35.12,ARIMA,2025-06-05 10:43:45
46,2025-12-01,24789829.90354535,35.12,ARIMA,2025-06-05 10:43:45
46,2026-01-01,24197369.101746038,35.12,ARIMA,2025-06-05 10:43:45
46,2026-02-01,23833262.20296702,35.12,ARIMA,2025-06-05 10:43:45
46,2026-03-01,23624559.271107923,35.12,ARIMA,2025-06-05 10:43:45
46,2026-04-01,23512380.786081247,35.12,ARIMA,2025-06-05 10:43:45
46,2026-05-01,23456032.722334813,35.12,ARIMA,2025-06-05 10:43:45
47,2025-06-01,20037581.10019145,126.79,ARIMA,2025-06-05 10:43:45
47,2025-07-01,21204563.237313,126.79,ARIMA,2025-06-05 10:43:45
47,2025-08-01,22284376.918993674,126.79,ARIMA,2025-06-05 10:43:45
47,2025-09-01,23009928.04867821,126.79,ARIMA,2025-06-05 10:43:45
47,2025-10-01,23254471.28246254,126.79,ARIMA,2025-06-05 10:43:45
47,2025-11-01,23039761.164904013,126.79,ARIMA,2025-06-05 10:43:45
47,2025-12-01,22503880.807193685,126.79,ARIMA,2025-06-05 10:43:45
47,2026-01-01,21844358.193718415,126.79,ARIMA,2025-06-05 10:43:45
47,2026-02-01,21255865.306149516,126.79,ARIMA,2025-06-05 10:43:45
47,2026-03-01,20879772.88953796,126.79,ARIMA,2025-06-05 10:43:45
47,2026-04-01,20776650.824511915,126.79,ARIMA,2025-06-05 10:43:45
47,2026-05-01,20924820.853878796,126.79,ARIMA,2025-06-05 10:43:45
48,2025-06-01,30457651.527747825,19.14,ARIMA,2025-06-05 10:43:45
48,2025-07-01,31407562.17428908,19.14,ARIMA,2025-06-05 10:43:45
48,2025-08-01,31715384.0429675,19.14,ARIMA,2025-06-05 10:43:45
48,2025-09-01,31682525.2734351,19.14,ARIMA,2025-06-05 10:43:45
48,2025-10-01,31534485.023672745,19.14,ARIMA,2025-06-05 10:43:45
48,2025-11-01,31393274.18262513,19.14,ARIMA,2025-06-05 10:43:45
48,2025-12-01,31301794.48660376,19.14,ARIMA,2025-06-05 10:43:45
48,2026-01-01,31259310.4004164,19.14,ARIMA,2025-06-05 10:43:45
48,2026-02-01,31249171.961191192,19.14,ARIMA,2025-06-05 10:43:45
48,2026-03-01,31254401.096891493,19.14,ARIMA,2025-06-05 10:43:45
48,2026-04-01,31263573.4196296,19.14,ARIMA,2025-06-05 10:43:45
48,2026-05-01,31271140.035623014,19.14,ARIMA,2025-06-05 10:43:45
49,2025-06-01,0.0,734.21,ARIMA,2025-06-05 10:43:45
49,2025-07-01,0.0,734.21,ARIMA,2025-06-05 10:43:45
49,2025-08-01,6899280.241071637,734.21,ARIMA,2025-06-05 10:43:45
49,2025-09-01,13795975.980530843,734.21,ARIMA,2025-06-05 10:43:45
49,2025-10-01,18314772.49641548,734.21,ARIMA,2025-06-05 10:43:45
49,2025-11-01,21789029.95257868,734.21,ARIMA,2025-06-05 10:43:45
49,2025-12-01,24658991.87024399,734.21,ARIMA,2025-06-05 10:43:45
49,2026-01-01,26530359.220215462,734.21,ARIMA,2025-06-05 10:43:45
49,2026-02-01,27441499.0586598,734.21,ARIMA,2025-06-05 10:43:45
49,2026-03-01,27784851.261635043,734.21,ARIMA,2025-06-05 10:43:45
49,2026-04-01,27794186.692826077,734.21,ARIMA,2025-06-05 10:43:45
49,2026-05-01,27547697.34383484,734.21,ARIMA,2025-06-05 10:43:45
50,2025-06-01,38784358.61986387,234.62,ARIMA,2025-06-05 10:43:45
50,2025-07-01,35782497.08085567,234.62,ARIMA,2025-06-05 10:43:45
50,2025-08-01,33957698.79576377,234.62,ARIMA,2025-06-05 10:43:45
50,2025-09-01,33467825.803610615,234.62,ARIMA,2025-06-05 10:43:45
50,2025-10-01,33610118.47183588,234.62,ARIMA,2025-06-05 10:43:45
50,2025-11-01,33842851.0706933,234.62,ARIMA,2025-06-05 10:43:45
50,2025-12-01,33969970.45801202,234.62,ARIMA,2025-06-05 10:43:45
50,2026-01-01,33997750.05626213,234.62,ARIMA,2025-06-05 10:43:45
50,2026-02-01,33983328.83973402,234.62,ARIMA,2025-06-05 10:43:45
50,2026-03-01,33965617.955258764,234.62,ARIMA,2025-06-05 10:43:45
50,2026-04-01,33956909.62897429,234.62,ARIMA,2025-06-05 10:43:45
50,2026-05-01,33955481.53644767,234.62,ARIMA,2025-06-05 10:43:45
51,2025-06-01,62074252.489564836,21.95,ARIMA,2025-06-05 10:43:45
51,2025-07-01,52475118.06462404,21.95,ARIMA,2025-06-05 10:43:45
51,2025-08-01,44131501.73006922,21.95,ARIMA,2025-06-05 10:43:45
51,2025-09-01,43394805.73187461,21.95,ARIMA,2025-06-05 10:43:45
51,2025-10-01,46501871.614908546,21.95,ARIMA,2025-06-05 10:43:45
51,2025-11-01,49615877.25883086,21.95,ARIMA,2025-06-05 10:43:45
51,2025-12-01,53350559.08723259,21.95,ARIMA,2025-06-05 10:43:45
51,2026-01-01,58021590.15082565,21.95,ARIMA,2025-06-05 10:43:45
51,2026-02-01,57697819.38003081,21.95,ARIMA,2025-06-05 10:43:45
51,2026-03-01,58277748.45824659,21.95,ARIMA,2025-06-05 10:43:45
51,2026-04-01,56994813.10490763,21.95,ARIMA,2025-06-05 10:43:45
51,2026-05-01,56770788.040286615,21.95,ARIMA,2025-06-05 10:43:45
52,2025-06-01,18174483.43228644,220.02,ARIMA,2025-06-05 10:43:45
52,2025-07-01,20961039.877824698,220.02,ARIMA,2025-06-05 10:43:45
52,2025-08-01,22971631.74089119,220.02,ARIMA,2025-06-05 10:43:45
52,2025-09-01,24422339.70925188,220.02,ARIMA,2025-06-05 10:43:45
52,2025-10-01,25469073.085689306,220.02,ARIMA,2025-06-05 10:43:45
52,2025-11-01,26224325.54534608,220.02,ARIMA,2025-06-05 10:43:45
52,2025-12-01,26769264.964168273,220.02,ARIMA,2025-06-05 10:43:45
52,2026-01-01,27162456.626624063,220.02,ARIMA,2025-06-05 10:43:45
52,2026-02-01,27446157.306158118,220.02,ARIMA,2025-06-05 10:43:45
52,2026-03-01,27650856.650659434,220.02,ARIMA,2025-06-05 10:43:45
52,2026-04-01,27798553.9410152,220.02,ARIMA,2025-06-05 10:43:45
52,2026-05-01,27905122.379871607,220.02,ARIMA,2025-06-05 10:43:45
53,2025-06-01,24877866.02605662,733.98,ARIMA,2025-06-05 10:43:45
53,2025-07-01,23756643.790082112,733.98,ARIMA,2025-06-05 10:43:45
53,2025-08-01,22931237.64706492,733.98,ARIMA,2025-06-05 10:43:45
53,2025-09-01,22323601.373834603,733.98,ARIMA,2025-06-05 10:43:45
53,2025-10-01,21876279.962831315,733.98,ARIMA,2025-06-05 10:43:45
53,2025-11-01,21546976.967672355,733.98,ARIMA,2025-06-05 10:43:45
53,2025-12-01,21304555.165466547,733.98,ARIMA,2025-06-05 10:43:45
53,2026-01-01,21126092.378766585,733.98,ARIMA,2025-06-05 10:43:45
53,2026-02-01,20994714.070599083,733.98,ARIMA,2025-06-05 10:43:45
53,2026-03-01,20897997.773738977,733.98,ARIMA,2025-06-05 10:43:45
53,2026-04-01,20826798.48514404,733.98,ARIMA,2025-06-05 10:43:45
53,2026-05-01,20774383.960798085,733.98,ARIMA,2025-06-05 10:43:45
54,2025-06-01,58757297.09365304,24.63,ARIMA,2025-06-05 10:43:45
54,2025-07-01,52971381.13553877,24.63,ARIMA,2025-06-05 10:43:45
54,2025-08-01,48478420.015347674,24.63,ARIMA,2025-06-05 10:43:45
54,2025-09-01,45170707.02829306,24.63,ARIMA,2025-06-05 10:43:45
54,2025-10-01,42842454.99091138,24.63,ARIMA,2025-06-05 10:43:45
54,2025-11-01,41270122.45509969,24.63,ARIMA,2025-06-05 10:43:45
54,2025-12-01,40251545.49462822,24.63,ARIMA,2025-06-05 10:43:45
54,2026-01-01,39621037.49040629,24.63,ARIMA,2025-06-05 10:43:45
54,2026-02-01,39251489.38781807,24.63,ARIMA,2025-06-05 10:43:45
54,2026-03-01,39050239.131881386,24.63,ARIMA,2025-06-05 10:43:45
54,2026-04-01,38952632.74221699,24.63,ARIMA,2025-06-05 10:43:45
54,2026-05-01,38915378.169096395,24.63,ARIMA,2025-06-05 10:43:45
55,2025-06-01,27689910.702587172,10.07,ARIMA,2025-06-05 10:43:45
55,2025-07-01,29464901.90926099,10.07,ARIMA,2025-06-05 10:43:45
55,2025-08-01,30756176.12697258,10.07,ARIMA,2025-06-05 10:43:45
55,2025-09-01,31695554.924488544,10.07,ARIMA,2025-06-05 10:43:45
55,2025-10-01,32378936.125103243,10.07,ARIMA,2025-06-05 10:43:45
55,2025-11-01,32876083.672597945,10.07,ARIMA,2025-06-05 10:43:45
55,2025-12-01,33237749.582865417,10.07,ARIMA,2025-06-05 10:43:45
55,2026-01-01,33500855.03578128,10.07,ARIMA,2025-06-05 10:43:45
55,2026-02-01,33692259.52646956,10.07,ARIMA,2025-06-05 10:43:45
55,2026-03-01,33831502.85514111,10.07,ARIMA,2025-06-05 10:43:45
55,2026-04-01,33932799.87544514,10.07,ARIMA,2025-06-05 10:43:45
55,2026-05-01,34006491.63806222,10.07,ARIMA,2025-06-05 10:43:45
56,2025-06-01,48363355.1457855,118.49,ARIMA,2025-06-05 10:43:45
56,2025-07-01,42356471.81308209,118.49,ARIMA,2025-06-05 10:43:45
56,2025-08-01,37025727.83384415,118.49,ARIMA,2025-06-05 10:43:45
56,2025-09-01,33939888.741848424,118.49,ARIMA,2025-06-05 10:43:45
56,2025-10-01,33604524.38846549,118.49,ARIMA,2025-06-05 10:43:45
56,2025-11-01,33634548.30042363,118.49,ARIMA,2025-06-05 10:43:45
56,2025-12-01,34602497.202800415,118.49,ARIMA,2025-06-05 10:43:45
56,2026-01-01,35594190.675815426,118.49,ARIMA,2025-06-05 10:43:45
56,2026-02-01,36854161.03227058,118.49,ARIMA,2025-06-05 10:43:45
56,2026-03-01,32629499.533917274,118.49,ARIMA,2025-06-05 10:43:45
56,2026-04-01,28157309.529214572,118.49,ARIMA,2025-06-05 10:43:45
56,2026-05-01,28741652.486897852,118.49,ARIMA,2025-06-05 10:43:45
57,2025-06-01,28354409.789197385,366.17,ARIMA,2025-06-05 10:43:45
57,2025-07-01,31184237.698554806,366.17,ARIMA,2025-06-05 10:43:45
57,2025-08-01,32329910.45328807,366.17,ARIMA,2025-06-05 10:43:45
57,2025-09-01,32793742.92048434,366.17,ARIMA,2025-06-05 10:43:45
57,2025-10-01,32981528.269081086,366.17,ARIMA,2025-06-05 10:43:45
57,2025-11-01,33057554.290633127,366.17,ARIMA,2025-06-05 10:43:45
57,2025-12-01,33088333.880181637,366.17,ARIMA,2025-06-05 10:43:45
57,2026-01-01,33100795.181107745,366.17,ARIMA,2025-06-05 10:43:45
57,2026-02-01,33105840.213320613,366.17,ARIMA,2025-06-05 10:43:45
57,2026-03-01,33107882.724787094,366.17,ARIMA,2025-06-05 10:43:45
57,2026-04-01,33108709.647770867,366.17,ARIMA,2025-06-05 10:43:45
57,2026-05-01,33109044.432486802,366.17,ARIMA,2025-06-05 10:43:45
58,2025-06-01,25823281.229194626,80.94,ARIMA,2025-06-05 10:43:45
58,2025-07-01,32869884.160620492,80.94,ARIMA,2025-06-05 10:43:45
58,2025-08-01,35252752.08046124,80.94,ARIMA,2025-06-05 10:43:45
58,2025-09-01,35371081.20451148,80.94,ARIMA,2025-06-05 10:43:45
58,2025-10-01,34968364.762554824,80.94,ARIMA,2025-06-05 10:43:45
58,2025-11-01,34685228.43714267,80.94,ARIMA,2025-06-05 10:43:45
58,2025-12-01,34583825.609881684,80.94,ARIMA,2025-06-05 10:43:45
58,2026-01-01,34575427.328933604,80.94,ARIMA,2025-06-05 10:43:45
58,2026-02-01,34590399.23236587,80.94,ARIMA,2025-06-05 10:43:45
58,2026-03-01,34601729.23781979,80.94,ARIMA,2025-06-05 10:43:45
58,2026-04-01,34606016.75376647,80.94,ARIMA,2025-06-05 10:43:45
58,2026-05-01,34606500.79606025,80.94,ARIMA,2025-06-05 10:43:45
59,2025-06-01,31974735.734894656,578.22,ARIMA,2025-06-05 10:43:45
59,2025-07-01,33868372.10999418,578.22,ARIMA,2025-06-05 10:43:45
59,2025-08-01,34851391.184583366,578.22,ARIMA,2025-06-05 10:43:45
59,2025-09-01,35361693.222352035,578.22,ARIMA,2025-06-05 10:43:45
59,2025-10-01,35626599.75009127,578.22,ARIMA,2025-06-05 10:43:45
59,2025-11-01,35764117.26568989,578.22,ARIMA,2025-06-05 10:43:45
59,2025-12-01,35835504.96329707,578.22,ARIMA,2025-06-05 10:43:45
59,2026-01-01,35872563.53978072,578.22,ARIMA,2025-06-05 10:43:45
59,2026-02-01,35891801.28153494,578.22,ARIMA,2025-06-05 10:43:45
59,2026-03-01,35901787.922764,578.22,ARIMA,2025-06-05 10:43:45
59,2026-04-01,35906972.15926702,578.22,ARIMA,2025-06-05 10:43:45
59,2026-05-01,35909663.38522607,578.22,ARIMA,2025-06-05 10:43:45
60,2025-06-01,26486606.641403023,107.82,ARIMA,2025-06-05 10:43:45
60,2025-07-01,28275139.268844612,107.82,ARIMA,2025-06-05 10:43:45
60,2025-08-01,29382608.11079768,107.82,ARIMA,2025-06-05 10:43:45
60,2025-09-01,30068358.662439167,107.82,ARIMA,2025-06-05 10:43:45
60,2025-10-01,30492979.023087226,107.82,ARIMA,2025-06-05 10:43:45
60,2025-11-01,30755906.191348776,107.82,ARIMA,2025-06-05 10:43:45
60,2025-12-01,30918712.08154332,107.82,ARIMA,2025-06-05 10:43:45
60,2026-01-01,31019522.347965352,107.82,ARIMA,2025-06-05 10:43:45
60,2026-02-01,31081944.596963458,107.82,ARIMA,2025-06-05 10:43:45
60,2026-03-01,31120596.78297861,107.82,ARIMA,2025-06-05 10:43:45
60,2026-04-01,31144530.420547403,107.82,ARIMA,2025-06-05 10:43:45
60,2026-05-01,31159350.255240582,107.82,ARIMA,2025-06-05 10:43:45
61,2025-06-01,38719533.3845685,16.55,ARIMA,2025-06-05 10:43:45
61,2025-07-01,33457603.030609045,16.55,ARIMA,2025-06-05 10:43:45
61,2025-08-01,30267922.99650831,16.55,ARIMA,2025-06-05 10:43:45
61,2025-09-01,28334400.879043344,16.55,ARIMA,2025-06-05 10:43:45
61,2025-10-01,27162337.305657305,16.55,ARIMA,2025-06-05 10:43:45
61,2025-11-01,26451855.119986966,16.55,ARIMA,2025-06-05 10:43:45
61,2025-12-01,26021174.611167297,16.55,ARIMA,2025-06-05 10:43:45
61,2026-01-01,25760104.447244518,16.55,ARIMA,2025-06-05 10:43:45
61,2026-02-01,25601848.7818617,16.55,ARIMA,2025-06-05 10:43:45
61,2026-03-01,25505917.269622076,16.55,ARIMA,2025-06-05 10:43:45
61,2026-04-01,25447765.44915916,16.55,ARIMA,2025-06-05 10:43:45
61,2026-05-01,25412514.94445843,16.55,ARIMA,2025-06-05 10:43:45
62,2025-06-01,16500302.225019354,89.95,ARIMA,2025-06-05 10:43:45
62,2025-07-01,20322428.673259735,89.95,ARIMA,2025-06-05 10:43:45
62,2025-08-01,22296490.021315075,89.95,ARIMA,2025-06-05 10:43:45
62,2025-09-01,23316058.122647807,89.95,ARIMA,2025-06-05 10:43:45
62,2025-10-01,23842647.18447168,89.95,ARIMA,2025-06-05 10:43:45
62,2025-11-01,24114621.209227927,89.95,ARIMA,2025-06-05 10:43:45
62,2025-12-01,24255091.028114617,89.95,ARIMA,2025-06-05 10:43:45
62,2026-01-01,24327641.228582267,89.95,ARIMA,2025-06-05 10:43:45
62,2026-02-01,24365112.13606697,89.95,ARIMA,2025-06-05 10:43:45
62,2026-03-01,24384465.20330423,89.95,ARIMA,2025-06-05 10:43:45
62,2026-04-01,24394460.723472588,89.95,ARIMA,2025-06-05 10:43:45
62,2026-05-01,24399623.234521154,89.95,ARIMA,2025-06-05 10:43:45
63,2025-06-01,21078283.562254835,15.4,ARIMA,2025-06-05 10:43:45
63,2025-07-01,22899722.979033012,15.4,ARIMA,2025-06-05 10:43:45
63,2025-08-01,24562945.065503195,15.4,ARIMA,2025-06-05 10:43:45
63,2025-09-01,23649467.004257217,15.4,ARIMA,2025-06-05 10:43:45
63,2025-10-01,23351328.96546196,15.4,ARIMA,2025-06-05 10:43:45
63,2025-11-01,23013651.75143169,15.4,ARIMA,2025-06-05 10:43:45
63,2025-12-01,22250644.370523635,15.4,ARIMA,2025-06-05 10:43:45
63,2026-01-01,22906603.686673854,15.4,ARIMA,2025-06-05 10:43:45
63,2026-02-01,23544987.499904696,15.4,ARIMA,2025-06-05 10:43:45
63,2026-03-01,24166669.375766803,15.4,ARIMA,2025-06-05 10:43:45
63,2026-04-01,24542157.31427937,15.4,ARIMA,2025-06-05 10:43:45
63,2026-05-01,24908844.003418252,15.4,ARIMA,2025-06-05 10:43:45
64,2025-06-01,21423280.48636921,235.43,ARIMA,2025-06-05 10:43:45
64,2025-07-01,21123008.264026374,235.43,ARIMA,2025-06-05 10:43:45
64,2025-08-01,20762490.572158366,235.43,ARIMA,2025-06-05 10:43:45
64,2025-09-01,20419913.71071614,235.43,ARIMA,2025-06-05 10:43:45
64,2025-10-01,20139038.579725314,235.43,ARIMA,2025-06-05 10:43:45
64,2025-11-01,19936660.36350558,235.43,ARIMA,2025-06-05 10:43:45
64,2025-12-01,19811056.895599317,235.43,ARIMA,2025-06-05 10:43:45
64,2026-01-01,19749765.31658092,235.43,ARIMA,2025-06-05 10:43:45
64,2026-02-01,19735801.023337256,235.43,ARIMA,2025-06-05 10:43:45
64,2026-03-01,19752024.832065556,235.43,ARIMA,2025-06-05 10:43:45
64,2026-04-01,19783759.63611518,235.43,ARIMA,2025-06-05 10:43:45
64,2026-05-01,19819977.54862058,235.43,ARIMA,2025-06-05 10:43:45
65,2025-06-01,3750000.0,9.46,ARIMA,2025-06-05 10:43:45
65,2025-07-01,3750000.0,9.46,ARIMA,2025-06-05 10:43:45
65,2025-08-01,3750000.0,9.46,ARIMA,2025-06-05 10:43:45
65,2025-09-01,3750000.0,9.46,ARIMA,2025-06-05 10:43:45
65,2025-10-01,3750000.0,9.46,ARIMA,2025-06-05 10:43:45
65,2025-11-01,3750000.0,9.46,ARIMA,2025-06-05 10:43:45
65,2025-12-01,3750000.0,9.46,ARIMA,2025-06-05 10:43:45
65,2026-01-01,3750000.0,9.46,ARIMA,2025-06-05 10:43:45
65,2026-02-01,3750000.0,9.46,ARIMA,2025-06-05 10:43:45
65,2026-03-01,3750000.0,9.46,ARIMA,2025-06-05 10:43:45
65,2026-04-01,3750000.0,9.46,ARIMA,2025-06-05 10:43:45
65,2026-05-01,3750000.0,9.46,ARIMA,2025-06-05 10:43:45
66,2025-06-01,0.0,4359.06,Prophet,2025-06-05 10:43:45
66,2025-07-01,0.0,4359.06,Prophet,2025-06-05 10:43:45
66,2025-08-01,0.0,4359.06,Prophet,2025-06-05 10:43:45
66,2025-09-01,101488781.59604646,4359.06,Prophet,2025-06-05 10:43:45
66,2025-10-01,0.0,4359.06,Prophet,2025-06-05 10:43:45
66,2025-11-01,0.0,4359.06,Prophet,2025-06-05 10:43:45
66,2025-12-01,0.0,4359.06,Prophet,2025-06-05 10:43:45
66,2026-01-01,0.0,4359.06,Prophet,2025-06-05 10:43:45
66,2026-02-01,158958259.6554203,4359.06,Prophet,2025-06-05 10:43:45
66,2026-03-01,0.0,4359.06,Prophet,2025-06-05 10:43:45
66,2026-04-01,0.0,4359.06,Prophet,2025-06-05 10:43:45
66,2026-05-01,0.0,4359.06,Prophet,2025-06-05 10:43:45
67,2025-06-01,0.0,,Data Insufficient,2025-06-05 10:43:45
67,2025-07-01,0.0,,Data Insufficient,2025-06-05 10:43:45
67,2025-08-01,0.0,,Data Insufficient,2025-06-05 10:43:45
67,2025-09-01,0.0,,Data Insufficient,2025-06-05 10:43:45
67,2025-10-01,0.0,,Data Insufficient,2025-06-05 10:43:45
67,2025-11-01,0.0,,Data Insufficient,2025-06-05 10:43:45
67,2025-12-01,0.0,,Data Insufficient,2025-06-05 10:43:45
67,2026-01-01,0.0,,Data Insufficient,2025-06-05 10:43:45
67,2026-02-01,0.0,,Data Insufficient,2025-06-05 10:43:45
67,2026-03-01,0.0,,Data Insufficient,2025-06-05 10:43:45
67,2026-04-01,0.0,,Data Insufficient,2025-06-05 10:43:45
67,2026-05-01,0.0,,Data Insufficient,2025-06-05 10:43:45
68,2025-06-01,0.0,,Prophet (No MAPE),2025-06-05 10:43:45
68,2025-07-01,0.0,,Prophet (No MAPE),2025-06-05 10:43:45
68,2025-08-01,0.0,,Prophet (No MAPE),2025-06-05 10:43:45
68,2025-09-01,41659940.73980252,,Prophet (No MAPE),2025-06-05 10:43:45
68,2025-10-01,0.0,,Prophet (No MAPE),2025-06-05 10:43:45
68,2025-11-01,0.0,,Prophet (No MAPE),2025-06-05 10:43:45
68,2025-12-01,0.0,,Prophet (No MAPE),2025-06-05 10:43:45
68,2026-01-01,57711752.51361639,,Prophet (No MAPE),2025-06-05 10:43:45
68,2026-02-01,0.0,,Prophet (No MAPE),2025-06-05 10:43:45
68,2026-03-01,0.0,,Prophet (No MAPE),2025-06-05 10:43:45
68,2026-04-01,0.0,,Prophet (No MAPE),2025-06-05 10:43:45
68,2026-05-01,0.0,,Prophet (No MAPE),2025-06-05 10:43:45
69,2025-06-01,527838456.235329,26298.09,Prophet,2025-06-05 10:43:45
69,2025-07-01,447523859.858452,26298.09,Prophet,2025-06-05 10:43:45
69,2025-08-01,1015908553.6850386,26298.09,Prophet,2025-06-05 10:43:45
69,2025-09-01,536055113.3642836,26298.09,Prophet,2025-06-05 10:43:45
69,2025-10-01,497574481.43864846,26298.09,Prophet,2025-06-05 10:43:45
69,2025-11-01,483324207.41355234,26298.09,Prophet,2025-06-05 10:43:45
69,2025-12-01,426496190.02232313,26298.09,Prophet,2025-06-05 10:43:45
69,2026-01-01,459403552.514043,26298.09,Prophet,2025-06-05 10:43:45
69,2026-02-01,1391797381.9319355,26298.09,Prophet,2025-06-05 10:43:45
69,2026-03-01,453377528.5023726,26298.09,Prophet,2025-06-05 10:43:45
69,2026-04-01,0.0,26298.09,Prophet,2025-06-05 10:43:45
69,2026-05-01,311651112.6251007,26298.09,Prophet,2025-06-05 10:43:45
70,2025-06-01,221424309.6228578,233.38,Prophet,2025-06-05 10:43:45
70,2025-07-01,117090868.30941513,233.38,Prophet,2025-06-05 10:43:45
70,2025-08-01,88696769.76514621,233.38,Prophet,2025-06-05 10:43:45
70,2025-09-01,122681653.44413403,233.38,Prophet,2025-06-05 10:43:45
70,2025-10-01,118816638.66888025,233.38,Prophet,2025-06-05 10:43:45
70,2025-11-01,108195370.86727996,233.38,Prophet,2025-06-05 10:43:45
70,2025-12-01,0.0,233.38,Prophet,2025-06-05 10:43:45
70,2026-01-01,100880194.04988928,233.38,Prophet,2025-06-05 10:43:45
70,2026-02-01,93064233.60152386,233.38,Prophet,2025-06-05 10:43:45
70,2026-03-01,76762715.64398102,233.38,Prophet,2025-06-05 10:43:45
70,2026-04-01,267363649.47636974,233.38,Prophet,2025-06-05 10:43:45
70,2026-05-01,91248038.46793002,233.38,Prophet,2025-06-05 10:43:45
71,2025-06-01,0.0,,Prophet (No MAPE),2025-06-05 10:43:45
71,2025-07-01,29597668.741142727,,Prophet (No MAPE),2025-06-05 10:43:45
71,2025-08-01,38596904.1575414,,Prophet (No MAPE),2025-06-05 10:43:45
71,2025-09-01,27025353.192407355,,Prophet (No MAPE),2025-06-05 10:43:45
71,2025-10-01,0.0,,Prophet (No MAPE),2025-06-05 10:43:45
71,2025-11-01,103429294.97606736,,Prophet (No MAPE),2025-06-05 10:43:45
71,2025-12-01,29863837.817838695,,Prophet (No MAPE),2025-06-05 10:43:45
71,2026-01-01,0.0,,Prophet (No MAPE),2025-06-05 10:43:45
71,2026-02-01,14526857.680860333,,Prophet (No MAPE),2025-06-05 10:43:45
71,2026-03-01,43256281.034318276,,Prophet (No MAPE),2025-06-05 10:43:45
71,2026-04-01,27355896.172291204,,Prophet (No MAPE),2025-06-05 10:43:45
71,2026-05-01,51181486.496870495,,Prophet (No MAPE),2025-06-05 10:43:45
72,2025-06-01,0.0,13050.96,Prophet,2025-06-05 10:43:45
72,2025-07-01,1134093988.432761,13050.96,Prophet,2025-06-05 10:43:45
72,2025-08-01,1487897173.6334314,13050.96,Prophet,2025-06-05 10:43:45
72,2025-09-01,715956973.2009146,13050.96,Prophet,2025-06-05 10:43:45
72,2025-10-01,738890994.3340746,13050.96,Prophet,2025-06-05 10:43:45
72,2025-11-01,0.0,13050.96,Prophet,2025-06-05 10:43:45
72,2025-12-01,1298874323.0750272,13050.96,Prophet,2025-06-05 10:43:45
72,2026-01-01,1192285740.3447616,13050.96,Prophet,2025-06-05 10:43:45
72,2026-02-01,0.0,13050.96,Prophet,2025-06-05 10:43:45
72,2026-03-01,1077958479.364499,13050.96,Prophet,2025-06-05 10:43:45
72,2026-04-01,1364826166.780324,13050.96,Prophet,2025-06-05 10:43:45
72,2026-05-01,1362034693.6374686,13050.96,Prophet,2025-06-05 10:43:45
73,2025-06-01,0.0,,Data Insufficient,2025-06-05 10:43:45
73,2025-07-01,0.0,,Data Insufficient,2025-06-05 10:43:45
73,2025-08-01,0.0,,Data Insufficient,2025-06-05 10:43:45
73,2025-09-01,0.0,,Data Insufficient,2025-06-05 10:43:45
73,2025-10-01,0.0,,Data Insufficient,2025-06-05 10:43:45
73,2025-11-01,0.0,,Data Insufficient,2025-06-05 10:43:45
73,2025-12-01,0.0,,Data Insufficient,2025-06-05 10:43:45
73,2026-01-01,0.0,,Data Insufficient,2025-06-05 10:43:45
73,2026-02-01,0.0,,Data Insufficient,2025-06-05 10:43:45
73,2026-03-01,0.0,,Data Insufficient,2025-06-05 10:43:45
73,2026-04-01,0.0,,Data Insufficient,2025-06-05 10:43:45
73,2026-05-01,0.0,,Data Insufficient,2025-06-05 10:43:45
74,2025-06-01,268087163.37755454,15786.89,Prophet,2025-06-05 10:43:45
74,2025-07-01,660167635.3240931,15786.89,Prophet,2025-06-05 10:43:45
74,2025-08-01,280109090.5573477,15786.89,Prophet,2025-06-05 10:43:45
74,2025-09-01,0.0,15786.89,Prophet,2025-06-05 10:43:45
74,2025-10-01,239790651.7302141,15786.89,Prophet,2025-06-05 10:43:45
74,2025-11-01,242774278.89678487,15786.89,Prophet,2025-06-05 10:43:45
74,2025-12-01,1599940669.442908,15786.89,Prophet,2025-06-05 10:43:45
74,2026-01-01,226772595.77136418,15786.89,Prophet,2025-06-05 10:43:45
74,2026-02-01,228852792.65622577,15786.89,Prophet,2025-06-05 10:43:45
74,2026-03-01,241389834.41422358,15786.89,Prophet,2025-06-05 10:43:45
74,2026-04-01,0.0,15786.89,Prophet,2025-06-05 10:43:45
74,2026-05-01,223941282.9602267,15786.89,Prophet,2025-06-05 10:43:45
75,2025-06-01,26716269.532332815,72.9,ARIMA,2025-06-05 10:43:45
75,2025-07-01,29072950.668984134,72.9,ARIMA,2025-06-05 10:43:45
75,2025-08-01,31112730.117710706,72.9,ARIMA,2025-06-05 10:43:45
75,2025-09-01,32878221.4838271,72.9,ARIMA,2025-06-05 10:43:45
75,2025-10-01,34406308.14328307,72.9,ARIMA,2025-06-05 10:43:45
75,2025-11-01,35728913.78362884,72.9,ARIMA,2025-06-05 10:43:45
75,2025-12-01,36873669.33073717,72.9,ARIMA,2025-06-05 10:43:45
75,2026-01-01,37864490.1942356,72.9,ARIMA,2025-06-05 10:43:45
75,2026-02-01,38722075.89104539,72.9,ARIMA,2025-06-05 10:43:45
75,2026-03-01,39464342.48480278,72.9,ARIMA,2025-06-05 10:43:45
75,2026-04-01,40106796.87537595,72.9,ARIMA,2025-06-05 10:43:45
75,2026-05-01,40662860.75786511,72.9,ARIMA,2025-06-05 10:43:45
76,2025-06-01,31871201.01507947,113.11,ARIMA,2025-06-05 10:43:45
76,2025-07-01,32523524.521630965,113.11,ARIMA,2025-06-05 10:43:45
76,2025-08-01,33013824.373599477,113.11,ARIMA,2025-06-05 10:43:45
76,2025-09-01,33384309.05424066,113.11,ARIMA,2025-06-05 10:43:45
76,2025-10-01,33664952.67212172,113.11,ARIMA,2025-06-05 10:43:45
76,2025-11-01,33877785.62783502,113.11,ARIMA,2025-06-05 10:43:45
76,2025-12-01,34039278.40318972,113.11,ARIMA,2025-06-05 10:43:45
76,2026-01-01,34161845.4500592,113.11,ARIMA,2025-06-05 10:43:45
76,2026-02-01,34254879.82241244,113.11,ARIMA,2025-06-05 10:43:45
76,2026-03-01,34325501.134165585,113.11,ARIMA,2025-06-05 10:43:45
76,2026-04-01,34379110.2405113,113.11,ARIMA,2025-06-05 10:43:45
76,2026-05-01,34419805.71993196,113.11,ARIMA,2025-06-05 10:43:45
77,2025-06-01,230905670.97107732,,Prophet (No MAPE),2025-06-05 10:43:45
77,2025-07-01,1436322012.1778765,,Prophet (No MAPE),2025-06-05 10:43:45
77,2025-08-01,185768860.44233373,,Prophet (No MAPE),2025-06-05 10:43:45
77,2025-09-01,227521498.4165672,,Prophet (No MAPE),2025-06-05 10:43:45
77,2025-10-01,294434898.3192621,,Prophet (No MAPE),2025-06-05 10:43:45
77,2025-11-01,240454340.3745458,,Prophet (No MAPE),2025-06-05 10:43:45
77,2025-12-01,231817574.99781278,,Prophet (No MAPE),2025-06-05 10:43:45
77,2026-01-01,0.0,,Prophet (No MAPE),2025-06-05 10:43:45
77,2026-02-01,268108232.17267656,,Prophet (No MAPE),2025-06-05 10:43:45
77,2026-03-01,231225768.33454746,,Prophet (No MAPE),2025-06-05 10:43:45
77,2026-04-01,281128320.97177,,Prophet (No MAPE),2025-06-05 10:43:45
77,2026-05-01,260482694.1957728,,Prophet (No MAPE),2025-06-05 10:43:45
78,2025-06-01,30798515.09837211,,Prophet (No MAPE),2025-06-05 10:43:45
78,2025-07-01,3956297.9041472003,,Prophet (No MAPE),2025-06-05 10:43:45
78,2025-08-01,55052548.120979495,,Prophet (No MAPE),2025-06-05 10:43:45
78,2025-09-01,241031375.2201221,,Prophet (No MAPE),2025-06-05 10:43:45
78,2025-10-01,0.0,,Prophet (No MAPE),2025-06-05 10:43:45
78,2025-11-01,20403352.81658587,,Prophet (No MAPE),2025-06-05 10:43:45
78,2025-12-01,39798266.6704907,,Prophet (No MAPE),2025-06-05 10:43:45
78,2026-01-01,56324375.48728778,,Prophet (No MAPE),2025-06-05 10:43:45
78,2026-02-01,72401712.24119328,,Prophet (No MAPE),2025-06-05 10:43:45
78,2026-03-01,50648550.08987683,,Prophet (No MAPE),2025-06-05 10:43:45
78,2026-04-01,254275674.05702147,,Prophet (No MAPE),2025-06-05 10:43:45
78,2026-05-01,31889602.726343624,,Prophet (No MAPE),2025-06-05 10:43:45
79,2025-06-01,52978718.02488485,5690.23,Prophet,2025-06-05 10:43:45
79,2025-07-01,83009387.11492112,5690.23,Prophet,2025-06-05 10:43:45
79,2025-08-01,106841377.83117506,5690.23,Prophet,2025-06-05 10:43:45
79,2025-09-01,82680048.05063784,5690.23,Prophet,2025-06-05 10:43:45
79,2025-10-01,97328826.49950066,5690.23,Prophet,2025-06-05 10:43:45
79,2025-11-01,80736765.10538954,5690.23,Prophet,2025-06-05 10:43:45
79,2025-12-01,113267255.66717187,5690.23,Prophet,2025-06-05 10:43:45
79,2026-01-01,102075274.20649554,5690.23,Prophet,2025-06-05 10:43:45
79,2026-02-01,104027070.51283664,5690.23,Prophet,2025-06-05 10:43:45
79,2026-03-01,67324812.65419337,5690.23,Prophet,2025-06-05 10:43:45
79,2026-04-01,100644466.57202636,5690.23,Prophet,2025-06-05 10:43:45
79,2026-05-01,66031889.1323228,5690.23,Prophet,2025-06-05 10:43:45
80,2025-06-01,4017304.5024988283,33.05,ARIMA,2025-06-05 10:43:45
80,2025-07-01,3837733.4767457093,33.05,ARIMA,2025-06-05 10:43:45
80,2025-08-01,3669976.3217991814,33.05,ARIMA,2025-06-05 10:43:45
80,2025-09-01,3512412.6238107192,33.05,ARIMA,2025-06-05 10:43:45
80,2025-10-01,3363771.7777688624,33.05,ARIMA,2025-06-05 10:43:45
80,2025-11-01,3223048.217491228,33.05,ARIMA,2025-06-05 10:43:45
80,2025-12-01,3089437.6147769764,33.05,ARIMA,2025-06-05 10:43:45
80,2026-01-01,2962288.843155339,33.05,ARIMA,2025-06-05 10:43:45
80,2026-02-01,2841067.7941482747,33.05,ARIMA,2025-06-05 10:43:45
80,2026-03-01,2725330.1054491573,33.05,ARIMA,2025-06-05 10:43:45
80,2026-04-01,2614700.590628362,33.05,ARIMA,2025-06-05 10:43:45
80,2026-05-01,2508857.708834175,33.05,ARIMA,2025-06-05 10:43:45
81,2025-06-01,0.0,,Data Insufficient,2025-06-05 10:43:45
81,2025-07-01,0.0,,Data Insufficient,2025-06-05 10:43:45
81,2025-08-01,0.0,,Data Insufficient,2025-06-05 10:43:45
81,2025-09-01,0.0,,Data Insufficient,2025-06-05 10:43:45
81,2025-10-01,0.0,,Data Insufficient,2025-06-05 10:43:45
81,2025-11-01,0.0,,Data Insufficient,2025-06-05 10:43:45
81,2025-12-01,0.0,,Data Insufficient,2025-06-05 10:43:45
81,2026-01-01,0.0,,Data Insufficient,2025-06-05 10:43:45
81,2026-02-01,0.0,,Data Insufficient,2025-06-05 10:43:45
81,2026-03-01,0.0,,Data Insufficient,2025-06-05 10:43:45
81,2026-04-01,0.0,,Data Insufficient,2025-06-05 10:43:45
81,2026-05-01,0.0,,Data Insufficient,2025-06-05 10:43:45
82,2025-06-01,6231618.37547186,3749.73,Prophet,2025-06-05 10:43:45
82,2025-07-01,0.0,3749.73,Prophet,2025-06-05 10:43:45
82,2025-08-01,15283932.980275959,3749.73,Prophet,2025-06-05 10:43:45
82,2025-09-01,0.0,3749.73,Prophet,2025-06-05 10:43:45
82,2025-10-01,534588613.1641004,3749.73,Prophet,2025-06-05 10:43:45
82,2025-11-01,638134991.6487784,3749.73,Prophet,2025-06-05 10:43:45
82,2025-12-01,51876119.336389184,3749.73,Prophet,2025-06-05 10:43:45
82,2026-01-01,0.0,3749.73,Prophet,2025-06-05 10:43:45
82,2026-02-01,0.0,3749.73,Prophet,2025-06-05 10:43:45
82,2026-03-01,0.0,3749.73,Prophet,2025-06-05 10:43:45
82,2026-04-01,1482031502.4865127,3749.73,Prophet,2025-06-05 10:43:45
82,2026-05-01,14632879.721604824,3749.73,Prophet,2025-06-05 10:43:45
83,2025-06-01,12558334.800012859,88.7,ARIMA,2025-06-05 10:43:45
83,2025-07-01,18523494.849217348,88.7,ARIMA,2025-06-05 10:43:45
83,2025-08-01,23240796.81784059,88.7,ARIMA,2025-06-05 10:43:45
83,2025-09-01,26971281.445180032,88.7,ARIMA,2025-06-05 10:43:45
83,2025-10-01,29921382.084778786,88.7,ARIMA,2025-06-05 10:43:45
83,2025-11-01,32254348.080665484,88.7,ARIMA,2025-06-05 10:43:45
83,2025-12-01,34099278.47554987,88.7,ARIMA,2025-06-05 10:43:45
83,2026-01-01,35558265.94813606,88.7,ARIMA,2025-06-05 10:43:45
83,2026-02-01,36712046.302704304,88.7,ARIMA,2025-06-05 10:43:45
83,2026-03-01,37624466.136048,88.7,ARIMA,2025-06-05 10:43:45
83,2026-04-01,38346015.90848321,88.7,ARIMA,2025-06-05 10:43:45
83,2026-05-01,38916623.92803202,88.7,ARIMA,2025-06-05 10:43:45
84,2025-06-01,2098730123.6707757,1650.24,Prophet,2025-06-05 10:43:45
84,2025-07-01,2142324424.4040818,1650.24,Prophet,2025-06-05 10:43:45
84,2025-08-01,2140976107.8700535,1650.24,Prophet,2025-06-05 10:43:45
84,2025-09-01,1264986981.2197566,1650.24,Prophet,2025-06-05 10:43:45
84,2025-10-01,2134375004.7106705,1650.24,Prophet,2025-06-05 10:43:45
84,2025-11-01,3243477999.3942533,1650.24,Prophet,2025-06-05 10:43:45
84,2025-12-01,1370689226.0600512,1650.24,Prophet,2025-06-05 10:43:45
84,2026-01-01,2141020154.3675015,1650.24,Prophet,2025-06-05 10:43:45
84,2026-02-01,3804567207.553886,1650.24,Prophet,2025-06-05 10:43:45
84,2026-03-01,2151826517.3076787,1650.24,Prophet,2025-06-05 10:43:45
84,2026-04-01,56010414.95227149,1650.24,Prophet,2025-06-05 10:43:45
84,2026-05-01,2204761389.053721,1650.24,Prophet,2025-06-05 10:43:45
85,2025-06-01,52640000.0,62.29,ARIMA,2025-06-05 10:43:45
85,2025-07-01,52640000.0,62.29,ARIMA,2025-06-05 10:43:45
85,2025-08-01,52640000.0,62.29,ARIMA,2025-06-05 10:43:45
85,2025-09-01,52640000.0,62.29,ARIMA,2025-06-05 10:43:45
85,2025-10-01,52640000.0,62.29,ARIMA,2025-06-05 10:43:45
85,2025-11-01,52640000.0,62.29,ARIMA,2025-06-05 10:43:45
85,2025-12-01,52640000.0,62.29,ARIMA,2025-06-05 10:43:45
85,2026-01-01,52640000.0,62.29,ARIMA,2025-06-05 10:43:45
85,2026-02-01,52640000.0,62.29,ARIMA,2025-06-05 10:43:45
85,2026-03-01,52640000.0,62.29,ARIMA,2025-06-05 10:43:45
85,2026-04-01,52640000.0,62.29,ARIMA,2025-06-05 10:43:45
85,2026-05-01,52640000.0,62.29,ARIMA,2025-06-05 10:43:45
86,2025-06-01,0.0,,Prophet (No MAPE),2025-06-05 10:43:45
86,2025-07-01,0.0,,Prophet (No MAPE),2025-06-05 10:43:45
86,2025-08-01,470506336.7499879,,Prophet (No MAPE),2025-06-05 10:43:45
86,2025-09-01,0.0,,Prophet (No MAPE),2025-06-05 10:43:45
86,2025-10-01,0.0,,Prophet (No MAPE),2025-06-05 10:43:45
86,2025-11-01,0.0,,Prophet (No MAPE),2025-06-05 10:43:45
86,2025-12-01,0.0,,Prophet (No MAPE),2025-06-05 10:43:45
86,2026-01-01,1139592568.082157,,Prophet (No MAPE),2025-06-05 10:43:45
86,2026-02-01,0.0,,Prophet (No MAPE),2025-06-05 10:43:45
86,2026-03-01,0.0,,Prophet (No MAPE),2025-06-05 10:43:45
86,2026-04-01,37552616.493198186,,Prophet (No MAPE),2025-06-05 10:43:45
86,2026-05-01,0.0,,Prophet (No MAPE),2025-06-05 10:43:45
87,2025-06-01,60402985.68545963,,Prophet (No MAPE),2025-06-05 10:43:45
87,2025-07-01,0.0,,Prophet (No MAPE),2025-06-05 10:43:45
87,2025-08-01,31598969.235715404,,Prophet (No MAPE),2025-06-05 10:43:45
87,2025-09-01,74723367.09147967,,Prophet (No MAPE),2025-06-05 10:43:45
87,2025-10-01,50187588.08026308,,Prophet (No MAPE),2025-06-05 10:43:45
87,2025-11-01,58686330.841383755,,Prophet (No MAPE),2025-06-05 10:43:45
87,2025-12-01,48833083.779698916,,Prophet (No MAPE),2025-06-05 10:43:45
87,2026-01-01,78490028.8059896,,Prophet (No MAPE),2025-06-05 10:43:45
87,2026-02-01,12627705.979126878,,Prophet (No MAPE),2025-06-05 10:43:45
87,2026-03-01,19597172.36726879,,Prophet (No MAPE),2025-06-05 10:43:45
87,2026-04-01,0.0,,Prophet (No MAPE),2025-06-05 10:43:45
87,2026-05-01,49338107.87424817,,Prophet (No MAPE),2025-06-05 10:43:45
88,2025-06-01,0.0,,Data Insufficient,2025-06-05 10:43:45
88,2025-07-01,0.0,,Data Insufficient,2025-06-05 10:43:45
88,2025-08-01,0.0,,Data Insufficient,2025-06-05 10:43:45
88,2025-09-01,0.0,,Data Insufficient,2025-06-05 10:43:45
88,2025-10-01,0.0,,Data Insufficient,2025-06-05 10:43:45
88,2025-11-01,0.0,,Data Insufficient,2025-06-05 10:43:45
88,2025-12-01,0.0,,Data Insufficient,2025-06-05 10:43:45
88,2026-01-01,0.0,,Data Insufficient,2025-06-05 10:43:45
88,2026-02-01,0.0,,Data Insufficient,2025-06-05 10:43:45
88,2026-03-01,0.0,,Data Insufficient,2025-06-05 10:43:45
88,2026-04-01,0.0,,Data Insufficient,2025-06-05 10:43:45
88,2026-05-01,0.0,,Data Insufficient,2025-06-05 10:43:45
89,2025-06-01,21112784.84874258,34.94,ARIMA,2025-06-05 10:43:45
89,2025-07-01,21197503.60630931,34.94,ARIMA,2025-06-05 10:43:45
89,2025-08-01,21396672.67122932,34.94,ARIMA,2025-06-05 10:43:45
89,2025-09-01,21611811.041042153,34.94,ARIMA,2025-06-05 10:43:45
89,2025-10-01,21812529.61874669,34.94,ARIMA,2025-06-05 10:43:45
89,2025-11-01,21991170.238948494,34.94,ARIMA,2025-06-05 10:43:45
89,2025-12-01,22147441.982726816,34.94,ARIMA,2025-06-05 10:43:45
89,2026-01-01,22283246.9971052,34.94,ARIMA,2025-06-05 10:43:45
89,2026-02-01,22400963.533663042,34.94,ARIMA,2025-06-05 10:43:45
89,2026-03-01,22502898.56470876,34.94,ARIMA,2025-06-05 10:43:45
89,2026-04-01,22591133.093966387,34.94,ARIMA,2025-06-05 10:43:45
89,2026-05-01,22667496.7316468,34.94,ARIMA,2025-06-05 10:43:45
90,2025-06-01,102059928.13171637,,Prophet (No MAPE),2025-06-05 10:43:45
90,2025-07-01,58992661.01880491,,Prophet (No MAPE),2025-06-05 10:43:45
90,2025-08-01,188699975.82654107,,Prophet (No MAPE),2025-06-05 10:43:45
90,2025-09-01,512714833.83436716,,Prophet (No MAPE),2025-06-05 10:43:45
90,2025-10-01,0.0,,Prophet (No MAPE),2025-06-05 10:43:45
90,2025-11-01,0.0,,Prophet (No MAPE),2025-06-05 10:43:45
90,2025-12-01,1810169342.0858707,,Prophet (No MAPE),2025-06-05 10:43:45
90,2026-01-01,544329734.4496044,,Prophet (No MAPE),2025-06-05 10:43:45
90,2026-02-01,0.0,,Prophet (No MAPE),2025-06-05 10:43:45
90,2026-03-01,0.0,,Prophet (No MAPE),2025-06-05 10:43:45
90,2026-04-01,47642938.46803272,,Prophet (No MAPE),2025-06-05 10:43:45
90,2026-05-01,24969161.25781542,,Prophet (No MAPE),2025-06-05 10:43:45
91,2025-06-01,25599459.12481461,13865.83,Prophet,2025-06-05 10:43:45
91,2025-07-01,952440.1474928521,13865.83,Prophet,2025-06-05 10:43:45
91,2025-08-01,69072811.99457009,13865.83,Prophet,2025-06-05 10:43:45
91,2025-09-01,41222499.2727101,13865.83,Prophet,2025-06-05 10:43:45
91,2025-10-01,161167353.27891505,13865.83,Prophet,2025-06-05 10:43:45
91,2025-11-01,52098898.01261735,13865.83,Prophet,2025-06-05 10:43:45
91,2025-12-01,0.0,13865.83,Prophet,2025-06-05 10:43:45
91,2026-01-01,24736622.25456103,13865.83,Prophet,2025-06-05 10:43:45
91,2026-02-01,35758379.863734156,13865.83,Prophet,2025-06-05 10:43:45
91,2026-03-01,18399080.57936048,13865.83,Prophet,2025-06-05 10:43:45
91,2026-04-01,0.0,13865.83,Prophet,2025-06-05 10:43:45
91,2026-05-01,17646033.001874615,13865.83,Prophet,2025-06-05 10:43:45
92,2025-06-01,97050001.6790171,,Prophet (No MAPE),2025-06-05 10:43:45
92,2025-07-01,66776379.86313453,,Prophet (No MAPE),2025-06-05 10:43:45
92,2025-08-01,63609689.36134946,,Prophet (No MAPE),2025-06-05 10:43:45
92,2025-09-01,721546224.8955579,,Prophet (No MAPE),2025-06-05 10:43:45
92,2025-10-01,78213139.53441459,,Prophet (No MAPE),2025-06-05 10:43:45
92,2025-11-01,93278028.85762972,,Prophet (No MAPE),2025-06-05 10:43:45
92,2025-12-01,122369762.72706881,,Prophet (No MAPE),2025-06-05 10:43:45
92,2026-01-01,82997433.09413311,,Prophet (No MAPE),2025-06-05 10:43:45
92,2026-02-01,91640825.19466582,,Prophet (No MAPE),2025-06-05 10:43:45
92,2026-03-01,0.0,,Prophet (No MAPE),2025-06-05 10:43:45
92,2026-04-01,90417765.5660389,,Prophet (No MAPE),2025-06-05 10:43:45
92,2026-05-01,331266908.4937064,,Prophet (No MAPE),2025-06-05 10:43:45
93,2025-06-01,37327625.67758126,26.17,ARIMA,2025-06-05 10:43:45
93,2025-07-01,35600107.560640454,26.17,ARIMA,2025-06-05 10:43:45
93,2025-08-01,34030205.49882203,26.17,ARIMA,2025-06-05 10:43:45
93,2025-09-01,32603538.849405833,26.17,ARIMA,2025-06-05 10:43:45
93,2025-10-01,31307039.037055198,26.17,ARIMA,2025-06-05 10:43:45
93,2025-11-01,30128829.84283799,26.17,ARIMA,2025-06-05 10:43:45
93,2025-12-01,29058118.615490325,26.17,ARIMA,2025-06-05 10:43:45
93,2026-01-01,28085097.40839474,26.17,ARIMA,2025-06-05 10:43:45
93,2026-02-01,27200853.136666067,26.17,ARIMA,2025-06-05 10:43:45
93,2026-03-01,26397285.931364488,26.17,ARIMA,2025-06-05 10:43:45
93,2026-04-01,25667034.94294267,26.17,ARIMA,2025-06-05 10:43:45
93,2026-05-01,25003410.914270543,26.17,ARIMA,2025-06-05 10:43:45
94,2025-06-01,0.0,,Data Insufficient,2025-06-05 10:43:45
94,2025-07-01,0.0,,Data Insufficient,2025-06-05 10:43:45
94,2025-08-01,0.0,,Data Insufficient,2025-06-05 10:43:45
94,2025-09-01,0.0,,Data Insufficient,2025-06-05 10:43:45
94,2025-10-01,0.0,,Data Insufficient,2025-06-05 10:43:45
94,2025-11-01,0.0,,Data Insufficient,2025-06-05 10:43:45
94,2025-12-01,0.0,,Data Insufficient,2025-06-05 10:43:45
94,2026-01-01,0.0,,Data Insufficient,2025-06-05 10:43:45
94,2026-02-01,0.0,,Data Insufficient,2025-06-05 10:43:45
94,2026-03-01,0.0,,Data Insufficient,2025-06-05 10:43:45
94,2026-04-01,0.0,,Data Insufficient,2025-06-05 10:43:45
94,2026-05-01,0.0,,Data Insufficient,2025-06-05 10:43:45
95,2025-06-01,1278531346.5445879,3148.17,Prophet,2025-06-05 10:43:45
95,2025-07-01,1342197524.2109957,3148.17,Prophet,2025-06-05 10:43:45
95,2025-08-01,1212462315.4640968,3148.17,Prophet,2025-06-05 10:43:45
95,2025-09-01,1135434596.4129636,3148.17,Prophet,2025-06-05 10:43:45
95,2025-10-01,638691123.0574148,3148.17,Prophet,2025-06-05 10:43:45
95,2025-11-01,2762376508.6191325,3148.17,Prophet,2025-06-05 10:43:45
95,2025-12-01,1245428544.6893675,3148.17,Prophet,2025-06-05 10:43:45
95,2026-01-01,1198596908.9460013,3148.17,Prophet,2025-06-05 10:43:45
95,2026-02-01,1297298799.394652,3148.17,Prophet,2025-06-05 10:43:45
95,2026-03-01,1290293226.5117135,3148.17,Prophet,2025-06-05 10:43:45
95,2026-04-01,1193187620.9288006,3148.17,Prophet,2025-06-05 10:43:45
95,2026-05-01,24107989.702199414,3148.17,Prophet,2025-06-05 10:43:45
96,2025-06-01,0.0,,Prophet (No MAPE),2025-06-05 10:43:45
96,2025-07-01,0.0,,Prophet (No MAPE),2025-06-05 10:43:45
96,2025-08-01,0.0,,Prophet (No MAPE),2025-06-05 10:43:45
96,2025-09-01,36050579.0836211,,Prophet (No MAPE),2025-06-05 10:43:45
96,2025-10-01,0.0,,Prophet (No MAPE),2025-06-05 10:43:45
96,2025-11-01,110473807.73324338,,Prophet (No MAPE),2025-06-05 10:43:45
96,2025-12-01,871989181.8271618,,Prophet (No MAPE),2025-06-05 10:43:45
96,2026-01-01,0.0,,Prophet (No MAPE),2025-06-05 10:43:45
96,2026-02-01,0.0,,Prophet (No MAPE),2025-06-05 10:43:45
96,2026-03-01,0.0,,Prophet (No MAPE),2025-06-05 10:43:45
96,2026-04-01,0.0,,Prophet (No MAPE),2025-06-05 10:43:45
96,2026-05-01,0.0,,Prophet (No MAPE),2025-06-05 10:43:45
97,2025-06-01,15346494.146788985,4.46,ARIMA,2025-06-05 10:43:45
97,2025-07-01,15447091.193516757,4.46,ARIMA,2025-06-05 10:43:45
97,2025-08-01,15523326.849559505,4.46,ARIMA,2025-06-05 10:43:45
97,2025-09-01,15581100.66540517,4.46,ARIMA,2025-06-05 10:43:45
97,2025-10-01,15624883.508901618,4.46,ARIMA,2025-06-05 10:43:45
97,2025-11-01,15658063.546546273,4.46,ARIMA,2025-06-05 10:43:45
97,2025-12-01,15683208.439161345,4.46,ARIMA,2025-06-05 10:43:45
97,2026-01-01,15702264.04215357,4.46,ARIMA,2025-06-05 10:43:45
97,2026-02-01,15716704.98691941,4.46,ARIMA,2025-06-05 10:43:45
97,2026-03-01,15727648.796244945,4.46,ARIMA,2025-06-05 10:43:45
97,2026-04-01,15735942.364601847,4.46,ARIMA,2025-06-05 10:43:45
97,2026-05-01,15742227.495678652,4.46,ARIMA,2025-06-05 10:43:45
